item_no,sector,Academic_Year,AY_Start,AY_End,Region,Kindergarten,Grade 1,Grade 2,Grade 3,Grade 4,Grade 5,Grade 6,Grade 7,Grade 8,Grade 9,Grade 10,Grade 11 ABM,Grade 11 HUMSS,Grade 11 STEM,Grade 11 GAS,Grade 11 MARITIME,Grade 11 TVL,Grade 11 SPORTS,Grade 11 A&D,Grade 12 ABM,Grade 12 HUMSS,Grade 12 STEM,Grade 12 GAS,Grade 12 MARITIME,Grade 12 TVL,Grade 12 SPORTS,Grade 12 A&D
1,Public,SY 2010-2011,2010,2011,Region I - Ilocos Region,84553,120004,106298,101393,100785,98037,92149,84273,78310,73506,68718,0,0,0,0,0,0,0,0,0,0,0,0,0,0,0,0
2,Public,SY 2010-2011,2010,2011,Region II - Cagayan Valley,27079,83959,73674,70180,68135,65510,62318,54156,50818,47089,42985,0,0,0,0,0,0,0,0,0,0,0,0,0,0,0,0
3,Public,SY 2010-2011,2010,2011,Region III - Central Luzon,141901,258235,221107,210823,208874,200842,187311,171749,153636,137746,120765,0,0,0,0,0,0,0,0,0,0,0,0,0,0,0,0
4,Public,SY 2010-2011,2010,2011,Region IV-A - CALABARZON,135149,311562,261317,253680,244886,234923,218548,205849,183617,165552,143008,0,0,0,0,0,0,0,0,0,0,0,0,0,0,0,0
5,Public,SY 2010-2011,2010,2011,Region IV-B - MIMAROPA,47289,100391,82742,76393,71897,67372,62071,56084,48352,43540,38317,0,0,0,0,0,0,0,0,0,0,0,0,0,0,0,0
6,Public,SY 2010-2011,2010,2011,Region V - Bicol Region,106282,213159,170617,158442,150241,141879,133409,115366,98742,88874,78227,0,0,0,0,0,0,0,0,0,0,0,0,0,0,0,0
7,Public,SY 2010-2011,2010,2011,Region VI - Western Visayas,88707,218036,177969,161894,156429,148491,140308,134986,122672,113441,99801,0,0,0,0,0,0,0,0,0,0,0,0,0,0,0,0
8,Public,SY 2010-2011,2010,2011,Region VII - Central Visayas,120553,210349,171819,161095,154928,146433,132932,125737,107960,95478,82874,0,0,0,0,0,0,0,0,0,0,0,0,0,0,0,0
9,Public,SY 2010-2011,2010,2011,Region VIII - Eastern Visayas,67173,153902,125625,117311,112298,104891,96699,90002,76297,66295,55745,0,0,0,0,0,0,0,0,0,0,0,0,0,0,0,0
10,Public,SY 2010-2011,2010,2011,Region IX - Zamboanga Peninsula,60672,139010,102402,91135,84217,78271,71410,64729,55241,48602,41617,0,0,0,0,0,0,0,0,0,0,0,0,0,0,0,0
11,Public,SY 2010-2011,2010,2011,Region X - Northern Mindanao,57102,148861,114164,104506,98579,92688,83766,71037,59962,53225,45276,0,0,0,0,0,0,0,0,0,0,0,0,0,0,0,0
12,Public,SY 2010-2011,2010,2011,Region XI - Davao Region,42417,164460,117582,105366,97127,89721,81815,75186,64442,56253,49119,0,0,0,0,0,0,0,0,0,0,0,0,0,0,0,0
13,Public,SY 2010-2011,2010,2011,Region XII - Soccsksargen,61520,140422,111757,101066,94193,85988,77002,69835,60821,53575,47063,0,0,0,0,0,0,0,0,0,0,0,0,0,0,0,0
14,Public,SY 2010-2011,2010,2011,CARAGA - CARAGA,48737,88740,70766,64690,61740,56816,52018,46965,42339,36508,31314,0,0,0,0,0,0,0,0,0,0,0,0,0,0,0,0
15,Public,SY 2010-2011,2010,2011,BARMM - Bangsamoro Autonomous Region in Muslim Mindanao,55221,199242,152075,122489,95431,76331,65679,56998,47939,41620,30858,0,0,0,0,0,0,0,0,0,0,0,0,0,0,0,0
16,Public,SY 2010-2011,2010,2011,CAR - Cordillera Administrative Region,19344,45245,38009,35756,34760,33077,30625,24878,22283,20700,18956,0,0,0,0,0,0,0,0,0,0,0,0,0,0,0,0
17,Public,SY 2010-2011,2010,2011,NCR - National Capital Region,69614,241810,208721,203715,199930,195395,182319,195183,176840,160444,139995,0,0,0,0,0,0,0,0,0,0,0,0,0,0,0,0
18,Public,SY 2011-2012,2011,2012,Region I - Ilocos Region,90902,121170,107962,103069,99749,99382,95519,82278,78752,72770,66237,0,0,0,0,0,0,0,0,0,0,0,0,0,0,0,0
19,Public,SY 2011-2012,2011,2012,Region II - Cagayan Valley,58792,86154,73577,70380,68409,66315,62702,52504,50652,47758,43495,0,0,0,0,0,0,0,0,0,0,0,0,0,0,0,0
20,Public,SY 2011-2012,2011,2012,Region III - Central Luzon,154152,261290,223819,214213,207842,205431,194436,170664,156282,141049,123256,0,0,0,0,0,0,0,0,0,0,0,0,0,0,0,0
21,Public,SY 2011-2012,2011,2012,Region IV-A - CALABARZON,171378,329623,266791,255024,250743,241603,227610,205938,189171,171268,148842,0,0,0,0,0,0,0,0,0,0,0,0,0,0,0,0
22,Public,SY 2011-2012,2011,2012,Region IV-B - MIMAROPA,64259,105042,82789,77602,73766,69633,64018,55771,50663,43696,38842,0,0,0,0,0,0,0,0,0,0,0,0,0,0,0,0
23,Public,SY 2011-2012,2011,2012,Region V - Bicol Region,131113,221360,174297,159647,152914,144979,134986,119716,101876,88728,79262,0,0,0,0,0,0,0,0,0,0,0,0,0,0,0,0
24,Public,SY 2011-2012,2011,2012,Region VI - Western Visayas,136092,229048,176997,167139,157404,151528,141149,135105,122704,111816,100727,0,0,0,0,0,0,0,0,0,0,0,0,0,0,0,0
25,Public,SY 2011-2012,2011,2012,Region VII - Central Visayas,142558,219743,175835,164851,156651,151022,139853,123904,109867,96049,85495,0,0,0,0,0,0,0,0,0,0,0,0,0,0,0,0
26,Public,SY 2011-2012,2011,2012,Region VIII - Eastern Visayas,95618,150198,126109,116821,111513,106591,98603,89578,78630,66649,57584,0,0,0,0,0,0,0,0,0,0,0,0,0,0,0,0
27,Public,SY 2011-2012,2011,2012,Region IX - Zamboanga Peninsula,75248,144588,105880,93377,87058,80732,72448,64687,55932,49412,43051,0,0,0,0,0,0,0,0,0,0,0,0,0,0,0,0
28,Public,SY 2011-2012,2011,2012,Region X - Northern Mindanao,103098,157072,118309,104501,99332,93237,84984,70622,61031,53113,45812,0,0,0,0,0,0,0,0,0,0,0,0,0,0,0,0
29,Public,SY 2011-2012,2011,2012,Region XI - Davao Region,70704,163835,125476,108452,100944,92865,83102,75555,65730,56742,48977,0,0,0,0,0,0,0,0,0,0,0,0,0,0,0,0
30,Public,SY 2011-2012,2011,2012,Region XII - Soccsksargen,94075,142167,113624,102719,96526,89284,80063,71246,60702,54951,47472,0,0,0,0,0,0,0,0,0,0,0,0,0,0,0,0
31,Public,SY 2011-2012,2011,2012,CARAGA - CARAGA,55565,88310,71649,65615,62102,59098,53572,46641,42030,38046,31548,0,0,0,0,0,0,0,0,0,0,0,0,0,0,0,0
32,Public,SY 2011-2012,2011,2012,BARMM - Bangsamoro Autonomous Region in Muslim Mindanao,84982,191760,147501,115820,92178,74550,64205,54850,47168,40951,31513,0,0,0,0,0,0,0,0,0,0,0,0,0,0,0,0
33,Public,SY 2011-2012,2011,2012,CAR - Cordillera Administrative Region,31245,43597,37949,35561,34514,33580,31294,24838,22394,20443,18793,0,0,0,0,0,0,0,0,0,0,0,0,0,0,0,0
34,Public,SY 2011-2012,2011,2012,NCR - National Capital Region,111473,251274,208814,202674,199600,197112,189083,190292,178549,162535,142861,0,0,0,0,0,0,0,0,0,0,0,0,0,0,0,0
35,Public,SY 2012-2013,2012,2013,Region I - Ilocos Region,96075,117784,110018,105306,101444,98086,96592,86007,77773,73547,66720,0,0,0,0,0,0,0,0,0,0,0,0,0,0,0,0
36,Public,SY 2012-2013,2012,2013,Region II - Cagayan Valley,66564,86899,76830,70997,68794,67119,63935,53499,49269,47040,43579,0,0,0,0,0,0,0,0,0,0,0,0,0,0,0,0
37,Public,SY 2012-2013,2012,2013,Region III - Central Luzon,171644,255580,229087,217554,210427,203886,198573,175897,156920,143055,126432,0,0,0,0,0,0,0,0,0,0,0,0,0,0,0,0
38,Public,SY 2012-2013,2012,2013,Region IV-A - CALABARZON,196791,327515,284048,260911,252089,246582,233896,212275,192644,177115,155429,0,0,0,0,0,0,0,0,0,0,0,0,0,0,0,0
39,Public,SY 2012-2013,2012,2013,Region IV-B - MIMAROPA,68150,95511,88172,78116,74491,70936,65679,56886,51307,46327,39703,0,0,0,0,0,0,0,0,0,0,0,0,0,0,0,0
40,Public,SY 2012-2013,2012,2013,Region V - Bicol Region,131665,203216,182210,163782,153847,147677,138055,120238,105990,91357,79417,0,0,0,0,0,0,0,0,0,0,0,0,0,0,0,0
41,Public,SY 2012-2013,2012,2013,Region VI - Western Visayas,144810,220474,190940,167566,162379,152385,144142,134289,123559,110795,99909,0,0,0,0,0,0,0,0,0,0,0,0,0,0,0,0
42,Public,SY 2012-2013,2012,2013,Region VII - Central Visayas,137539,220197,185010,169104,159992,152249,143805,130264,111785,99053,86565,0,0,0,0,0,0,0,0,0,0,0,0,0,0,0,0
43,Public,SY 2012-2013,2012,2013,Region VIII - Eastern Visayas,96707,138492,128758,119487,112837,106985,100808,92121,79563,69405,59123,0,0,0,0,0,0,0,0,0,0,0,0,0,0,0,0
44,Public,SY 2012-2013,2012,2013,Region IX - Zamboanga Peninsula,80917,133403,110259,95905,87067,80936,72843,62798,55734,49132,42750,0,0,0,0,0,0,0,0,0,0,0,0,0,0,0,0
45,Public,SY 2012-2013,2012,2013,Region X - Northern Mindanao,100584,146975,126111,108254,98059,92839,85434,69611,61115,54223,46279,0,0,0,0,0,0,0,0,0,0,0,0,0,0,0,0
46,Public,SY 2012-2013,2012,2013,Region XI - Davao Region,83750,153567,130579,115234,102419,95553,85737,75946,67246,57500,49998,0,0,0,0,0,0,0,0,0,0,0,0,0,0,0,0
47,Public,SY 2012-2013,2012,2013,Region XII - Soccsksargen,96201,133264,119761,105152,96780,90430,82330,71210,61570,54678,49311,0,0,0,0,0,0,0,0,0,0,0,0,0,0,0,0
48,Public,SY 2012-2013,2012,2013,CARAGA - CARAGA,54003,82559,74938,67623,62648,59181,55630,47122,42090,37434,33104,0,0,0,0,0,0,0,0,0,0,0,0,0,0,0,0
49,Public,SY 2012-2013,2012,2013,BARMM - Bangsamoro Autonomous Region in Muslim Mindanao,90962,160845,135099,107903,87669,71815,61835,48908,42951,37776,30466,0,0,0,0,0,0,0,0,0,0,0,0,0,0,0,0
50,Public,SY 2012-2013,2012,2013,CAR - Cordillera Administrative Region,31395,41888,37953,35930,34600,33258,31851,25614,22618,20657,18544,0,0,0,0,0,0,0,0,0,0,0,0,0,0,0,0
51,Public,SY 2012-2013,2012,2013,NCR - National Capital Region,125748,244358,216284,202252,197921,195711,189593,196030,174440,164856,145330,0,0,0,0,0,0,0,0,0,0,0,0,0,0,0,0
52,Public,SY 2013-2014,2013,2014,Region I - Ilocos Region,99468,109322,112035,108025,103698,100415,95947,87149,81099,73996,69152,0,0,0,0,0,0,0,0,0,0,0,0,0,0,0,0
53,Public,SY 2013-2014,2013,2014,Region II - Cagayan Valley,69456,78769,82944,74911,70008,67761,65105,54610,50284,46607,44035,0,0,0,0,0,0,0,0,0,0,0,0,0,0,0,0
54,Public,SY 2013-2014,2013,2014,Region III - Central Luzon,192426,242625,240498,226160,216320,208592,200016,181271,165830,147978,131871,0,0,0,0,0,0,0,0,0,0,0,0,0,0,0,0
55,Public,SY 2013-2014,2013,2014,Region IV-A - CALABARZON,220092,289269,300402,273503,254287,244684,236353,212123,195448,176917,159765,0,0,0,0,0,0,0,0,0,0,0,0,0,0,0,0
56,Public,SY 2013-2014,2013,2014,Region IV-B - MIMAROPA,69930,80768,89735,83761,75123,72021,67502,58033,52386,47153,42498,0,0,0,0,0,0,0,0,0,0,0,0,0,0,0,0
57,Public,SY 2013-2014,2013,2014,Region V - Bicol Region,136829,163548,194616,174096,159301,150263,142329,122133,108945,97870,83779,0,0,0,0,0,0,0,0,0,0,0,0,0,0,0,0
58,Public,SY 2013-2014,2013,2014,Region VI - Western Visayas,144748,184704,212274,184110,164103,158766,146978,134516,126055,114496,101829,0,0,0,0,0,0,0,0,0,0,0,0,0,0,0,0
59,Public,SY 2013-2014,2013,2014,Region VII - Central Visayas,144425,179634,208642,179611,165258,156463,146410,131199,117171,102469,90425,0,0,0,0,0,0,0,0,0,0,0,0,0,0,0,0
60,Public,SY 2013-2014,2013,2014,Region VIII - Eastern Visayas,96323,119209,127039,123426,115849,109681,102349,93689,82827,72191,63742,0,0,0,0,0,0,0,0,0,0,0,0,0,0,0,0
61,Public,SY 2013-2014,2013,2014,Region IX - Zamboanga Peninsula,79445,102399,116278,99685,87994,80389,73660,62516,54723,49576,42791,0,0,0,0,0,0,0,0,0,0,0,0,0,0,0,0
62,Public,SY 2013-2014,2013,2014,Region X - Northern Mindanao,97571,125445,131362,118751,103218,93467,87422,70273,62109,55802,49054,0,0,0,0,0,0,0,0,0,0,0,0,0,0,0,0
63,Public,SY 2013-2014,2013,2014,Region XI - Davao Region,92727,128442,139286,122547,110360,98390,90325,77546,67646,59922,51351,0,0,0,0,0,0,0,0,0,0,0,0,0,0,0,0
64,Public,SY 2013-2014,2013,2014,Region XII - Soccsksargen,96060,116256,122082,112548,99953,92180,85144,71859,62925,56173,48939,0,0,0,0,0,0,0,0,0,0,0,0,0,0,0,0
65,Public,SY 2013-2014,2013,2014,CARAGA - CARAGA,57154,73179,75330,71963,65930,60564,56825,49674,43281,38706,33482,0,0,0,0,0,0,0,0,0,0,0,0,0,0,0,0
66,Public,SY 2013-2014,2013,2014,BARMM - Bangsamoro Autonomous Region in Muslim Mindanao,93491,142477,129277,107150,89173,72263,62148,47671,43305,38394,32896,0,0,0,0,0,0,0,0,0,0,0,0,0,0,0,0
67,Public,SY 2013-2014,2013,2014,CAR - Cordillera Administrative Region,32708,37796,39477,36812,35339,33837,32105,25809,23676,21474,19351,0,0,0,0,0,0,0,0,0,0,0,0,0,0,0,0
68,Public,SY 2013-2014,2013,2014,NCR - National Capital Region,142954,229460,224487,210703,198234,194916,189602,194130,181757,164082,150144,0,0,0,0,0,0,0,0,0,0,0,0,0,0,0,0
69,Public,SY 2014-2015,2014,2015,Region I - Ilocos Region,92728,105045,106975,111087,106900,102845,98721,85018,82858,76409,71120,0,0,0,0,0,0,0,0,0,0,0,0,0,0,0,0
70,Public,SY 2014-2015,2014,2015,Region II - Cagayan Valley,66683,77715,75340,80893,73448,68465,65903,55333,51478,46546,43853,0,0,0,0,0,0,0,0,0,0,0,0,0,0,0,0
71,Public,SY 2014-2015,2014,2015,Region III - Central Luzon,188279,233862,228519,236255,223310,213044,204538,178448,169939,152166,137768,0,0,0,0,0,0,0,0,0,0,0,0,0,0,0,0
72,Public,SY 2014-2015,2014,2015,Region IV-A - CALABARZON,217833,285685,279125,302636,276234,255061,242899,217372,203856,184603,171723,0,0,0,0,0,0,0,0,0,0,0,0,0,0,0,0
73,Public,SY 2014-2015,2014,2015,Region IV-B - MIMAROPA,68498,79012,77635,87704,81780,73330,69280,60076,53914,48191,44384,0,0,0,0,0,0,0,0,0,0,0,0,0,0,0,0
74,Public,SY 2014-2015,2014,2015,Region V - Bicol Region,130790,152120,157211,188736,169212,155151,145094,125599,112533,99224,90850,0,0,0,0,0,0,0,0,0,0,0,0,0,0,0,0
75,Public,SY 2014-2015,2014,2015,Region VI - Western Visayas,136548,172269,178599,209651,181003,161354,154838,134771,127830,116642,109136,0,0,0,0,0,0,0,0,0,0,0,0,0,0,0,0
76,Public,SY 2014-2015,2014,2015,Region VII - Central Visayas,138561,172983,171376,205495,176265,161863,151172,131882,121390,106330,96926,0,0,0,0,0,0,0,0,0,0,0,0,0,0,0,0
77,Public,SY 2014-2015,2014,2015,Region VIII - Eastern Visayas,92104,113310,113988,125006,120936,113096,105587,93063,84255,73083,66382,0,0,0,0,0,0,0,0,0,0,0,0,0,0,0,0
78,Public,SY 2014-2015,2014,2015,Region IX - Zamboanga Peninsula,75556,99151,99705,116871,98717,86921,77863,66654,57966,50200,47121,0,0,0,0,0,0,0,0,0,0,0,0,0,0,0,0
79,Public,SY 2014-2015,2014,2015,Region X - Northern Mindanao,96435,115601,117630,126533,114447,99902,89532,73669,64835,56589,52124,0,0,0,0,0,0,0,0,0,0,0,0,0,0,0,0
80,Public,SY 2014-2015,2014,2015,Region XI - Davao Region,104930,110195,121102,135418,119607,107597,94556,82294,72386,62308,56606,0,0,0,0,0,0,0,0,0,0,0,0,0,0,0,0
81,Public,SY 2014-2015,2014,2015,Region XII - Soccsksargen,95884,115616,113116,121526,111930,98864,89922,76981,68312,59026,54748,0,0,0,0,0,0,0,0,0,0,0,0,0,0,0,0
82,Public,SY 2014-2015,2014,2015,CARAGA - CARAGA,56654,71620,68758,73105,70630,64294,58760,51413,46426,39770,35869,0,0,0,0,0,0,0,0,0,0,0,0,0,0,0,0
83,Public,SY 2014-2015,2014,2015,BARMM - Bangsamoro Autonomous Region in Muslim Mindanao,78562,122688,111933,101480,87208,71952,62056,42453,39747,34557,31327,0,0,0,0,0,0,0,0,0,0,0,0,0,0,0,0
84,Public,SY 2014-2015,2014,2015,CAR - Cordillera Administrative Region,31346,35617,36139,38519,36061,34434,32577,26022,24364,21910,20085,0,0,0,0,0,0,0,0,0,0,0,0,0,0,0,0
85,Public,SY 2014-2015,2014,2015,NCR - National Capital Region,141569,216636,209897,215162,203744,192798,186637,186452,179998,166510,152358,0,0,0,0,0,0,0,0,0,0,0,0,0,0,0,0
86,Public,SY 2015-2016,2015,2016,Region I - Ilocos Region,86331,95919,103423,106109,110053,105755,101262,86610,81038,77906,71137,0,0,0,0,0,0,0,0,0,0,0,0,0,0,0,0
87,Public,SY 2015-2016,2015,2016,Region II - Cagayan Valley,63616,74260,75485,74537,79569,72229,67032,56814,52449,48372,42568,0,0,0,0,0,0,0,0,0,0,0,0,0,0,0,0
88,Public,SY 2015-2016,2015,2016,Region III - Central Luzon,188118,211521,227281,227521,235149,222260,210347,181127,169660,160293,138981,0,0,0,0,0,0,0,0,0,0,0,0,0,0,0,0
89,Public,SY 2015-2016,2015,2016,Region IV-A - CALABARZON,206082,268433,276745,278210,300415,274600,252383,220338,208808,193974,172789,0,0,0,0,0,0,0,0,0,0,0,0,0,0,0,0
90,Public,SY 2015-2016,2015,2016,Region IV-B - MIMAROPA,67015,74252,76797,76620,86033,79560,70992,61440,56119,50309,43939,0,0,0,0,0,0,0,0,0,0,0,0,0,0,0,0
91,Public,SY 2015-2016,2015,2016,Region V - Bicol Region,131324,139641,146910,154716,182907,165261,150450,127813,116400,103700,89620,0,0,0,0,0,0,0,0,0,0,0,0,0,0,0,0
92,Public,SY 2015-2016,2015,2016,Region VI - Western Visayas,126393,159454,168348,177238,205304,177585,157035,140179,127433,119413,105427,0,0,0,0,0,0,0,0,0,0,0,0,0,0,0,0
93,Public,SY 2015-2016,2015,2016,Region VII - Central Visayas,127407,164943,166139,170194,200081,172844,157126,136120,123074,111684,96866,0,0,0,0,0,0,0,0,0,0,0,0,0,0,0,0
94,Public,SY 2015-2016,2015,2016,Region VIII - Eastern Visayas,94032,99146,109916,112013,122918,118698,109733,96219,86530,77349,66054,0,0,0,0,0,0,0,0,0,0,0,0,0,0,0,0
95,Public,SY 2015-2016,2015,2016,Region IX - Zamboanga Peninsula,71425,86666,93280,97152,112654,94945,82752,69650,60954,52770,44388,0,0,0,0,0,0,0,0,0,0,0,0,0,0,0,0
96,Public,SY 2015-2016,2015,2016,Region X - Northern Mindanao,91727,110961,110828,114588,122752,111253,95923,74576,67539,59511,51072,0,0,0,0,0,0,0,0,0,0,0,0,0,0,0,0
97,Public,SY 2015-2016,2015,2016,Region XI - Davao Region,99492,111178,108613,119133,132161,116580,103879,85451,76576,66207,55522,0,0,0,0,0,0,0,0,0,0,0,0,0,0,0,0
98,Public,SY 2015-2016,2015,2016,Region XII - Soccsksargen,89045,108985,111066,110556,118447,108247,94587,78329,70873,62738,53788,0,0,0,0,0,0,0,0,0,0,0,0,0,0,0,0
99,Public,SY 2015-2016,2015,2016,CARAGA - CARAGA,57132,66747,68010,67044,71497,68790,62240,52244,47756,42598,35524,0,0,0,0,0,0,0,0,0,0,0,0,0,0,0,0
100,Public,SY 2015-2016,2015,2016,BARMM - Bangsamoro Autonomous Region in Muslim Mindanao,73283,109713,100670,90948,84830,72525,62195,39376,37113,33342,28990,0,0,0,0,0,0,0,0,0,0,0,0,0,0,0,0
101,Public,SY 2015-2016,2015,2016,CAR - Cordillera Administrative Region,29274,33127,34850,35526,38126,35405,33560,26433,24492,22716,20312,0,0,0,0,0,0,0,0,0,0,0,0,0,0,0,0
102,Public,SY 2015-2016,2015,2016,NCR - National Capital Region,135617,195621,204311,204050,208624,199568,186930,180614,174511,166685,149735,0,0,0,0,0,0,0,0,0,0,0,0,0,0,0,0
103,Public,SY 2016-2017,2016,2017,Region I - Ilocos Region,74712,89943,95136,103010,105371,108926,104552,89287,83558,77423,73035,3991,3539,4624,14881,0,24406,49,135,0,0,0,0,0,0,0,0
104,Public,SY 2016-2017,2016,2017,Region II - Cagayan Valley,54511,67907,72491,74992,73815,78179,70800,57833,53834,49245,44579,2357,2395,3350,11918,0,11284,135,78,0,0,0,0,0,0,0,0
105,Public,SY 2016-2017,2016,2017,Region III - Central Luzon,169474,197521,208260,225661,225823,232930,218392,186364,172094,159427,146021,8463,6564,6703,17375,80,36297,224,124,0,0,0,0,0,0,0,0
106,Public,SY 2016-2017,2016,2017,Region IV-A - CALABARZON,206206,234958,264780,277324,278625,298349,271298,229303,211882,198682,180091,10037,8164,6831,13956,0,36577,79,252,0,0,0,0,0,0,0,0
107,Public,SY 2016-2017,2016,2017,Region IV-B - MIMAROPA,58344,72304,72340,75707,74994,83373,76893,62435,56998,51927,45722,2188,2100,2293,11180,0,12602,128,250,0,0,0,0,0,0,0,0
108,Public,SY 2016-2017,2016,2017,Region V - Bicol Region,114726,140356,135756,145142,152163,178026,161045,134194,119331,106410,92591,3442,2181,2207,25268,0,31890,157,314,0,0,0,0,0,0,0,0
109,Public,SY 2016-2017,2016,2017,Region VI - Western Visayas,105468,152084,156089,167237,175331,200739,173447,142409,132397,119497,108427,5088,7278,3069,23888,0,39718,82,197,0,0,0,0,0,0,0,0
110,Public,SY 2016-2017,2016,2017,Region VII - Central Visayas,113273,150873,160115,164627,168110,195235,168649,141720,126324,112771,101771,3634,4318,3328,16644,0,29194,124,118,0,0,0,0,0,0,0,0
111,Public,SY 2016-2017,2016,2017,Region VIII - Eastern Visayas,85274,97615,97743,108640,110137,120504,115486,100071,88532,78359,68283,3519,7872,1887,14515,0,24513,58,30,0,0,0,0,0,0,0,0
112,Public,SY 2016-2017,2016,2017,Region IX - Zamboanga Peninsula,71050,78661,83477,91844,94646,108149,91024,74892,63440,55472,46161,1585,1845,1379,6922,0,12834,64,86,0,0,0,0,0,0,0,0
113,Public,SY 2016-2017,2016,2017,Region X - Northern Mindanao,85705,104000,107336,108966,111999,119357,107302,80235,68471,61829,53539,2793,3162,1318,9235,0,18917,49,136,0,0,0,0,0,0,0,0
114,Public,SY 2016-2017,2016,2017,Region XI - Davao Region,79307,103357,109065,107473,116684,128512,112550,93462,79356,69459,58945,1366,2140,1091,7571,0,17811,9,87,0,0,0,0,0,0,0,0
115,Public,SY 2016-2017,2016,2017,Region XII - Soccsksargen,81737,98443,105110,108584,107905,114647,103594,81983,71886,64317,56081,2734,7382,2143,6037,0,20350,175,163,0,0,0,0,0,0,0,0
116,Public,SY 2016-2017,2016,2017,CARAGA - CARAGA,49634,63710,64435,66781,65996,69997,66964,54836,48674,43770,38416,907,1527,1410,6527,0,12650,29,24,0,0,0,0,0,0,0,0
117,Public,SY 2016-2017,2016,2017,BARMM - Bangsamoro Autonomous Region in Muslim Mindanao,81325,107050,97676,91374,83455,76259,66316,41371,35758,32323,28809,906,882,765,5821,0,5833,31,69,0,0,0,0,0,0,0,0
118,Public,SY 2016-2017,2016,2017,CAR - Cordillera Administrative Region,25759,31130,32637,34422,35307,37479,34704,27431,24656,22868,20757,749,1386,1232,2558,0,4757,35,94,0,0,0,0,0,0,0,0
119,Public,SY 2016-2017,2016,2017,NCR - National Capital Region,140249,174426,189317,201099,200488,205202,194973,184954,172647,163890,152433,5870,2182,4815,5788,0,15103,205,300,0,0,0,0,0,0,0,0
120,Public,SY 2017-2018,2017,2018,Region I - Ilocos Region,94819,78156,89133,95128,102535,104652,107603,91575,86456,80450,73724,4549,6253,3937,16063,0,22975,18,184,4077,3372,4405,13351,0,21641,36,119
121,Public,SY 2017-2018,2017,2018,Region II - Cagayan Valley,70196,58481,66682,71824,73987,72783,76538,59740,54665,50830,46210,3020,3776,3053,10663,0,12059,108,93,2063,2204,3105,10269,0,10781,128,72
122,Public,SY 2017-2018,2017,2018,Region III - Central Luzon,214554,176765,196173,207955,224085,223864,228720,187136,176377,163301,148767,7972,8290,5510,17905,60,35008,155,127,7621,5761,6238,15187,76,30247,159,106
123,Public,SY 2017-2018,2017,2018,Region IV-A - CALABARZON,271143,220238,236836,264799,276009,276290,293281,239737,218067,203132,187498,10506,13278,4611,13656,52,35431,144,173,9348,7832,6295,12079,0,31871,72,199
124,Public,SY 2017-2018,2017,2018,Region IV-B - MIMAROPA,71306,63558,70291,71447,74266,73545,80370,66785,58932,53946,48208,1863,2966,1880,11561,0,12139,138,187,2045,1898,2044,9590,0,10605,135,225
125,Public,SY 2017-2018,2017,2018,Region V - Bicol Region,141310,124497,134886,134202,142884,149198,172918,141475,126483,111874,98619,3592,3138,2703,27002,0,31472,141,371,3264,2066,2207,22644,0,27857,119,367
126,Public,SY 2017-2018,2017,2018,Region VI - Western Visayas,147785,123705,148739,155077,165942,172899,195366,154604,134916,125770,111629,4962,11604,3382,20905,0,36958,89,160,4674,6605,3018,20717,0,34035,75,172
127,Public,SY 2017-2018,2017,2018,Region VII - Central Visayas,155613,124385,146933,158276,162576,164691,189844,145688,131485,118317,105263,3197,5728,2857,20498,0,30550,162,165,3320,4021,3136,16826,0,27382,124,107
128,Public,SY 2017-2018,2017,2018,Region VIII - Eastern Visayas,102989,89537,95394,97107,106990,108360,117201,103454,92415,81854,71277,2844,8969,2167,14608,0,21936,2,14,3092,6916,1862,12634,0,20781,54,28
129,Public,SY 2017-2018,2017,2018,Region IX - Zamboanga Peninsula,85088,75289,77183,82429,89357,91674,102638,81043,68138,58259,50250,1571,3093,1396,7476,0,12932,47,78,1468,1653,1188,5977,0,10562,48,93
130,Public,SY 2017-2018,2017,2018,Region X - Northern Mindanao,104814,94178,101522,105966,106944,109384,115446,86641,73248,63540,56756,2664,4226,1284,8767,0,15523,95,181,2441,2692,1217,7674,0,16063,38,109
131,Public,SY 2017-2018,2017,2018,Region XI - Davao Region,106799,85003,102034,108289,106124,114042,123779,100071,86129,72562,63521,1205,2935,1094,8516,0,18083,8,108,1211,1816,1049,6799,0,14710,9,77
132,Public,SY 2017-2018,2017,2018,Region XII - Soccsksargen,104145,85476,96822,103818,107137,105835,111013,90086,75624,66329,58799,2394,9248,1972,5829,0,17863,165,173,2412,6665,2037,4928,0,15704,134,120
133,Public,SY 2017-2018,2017,2018,CARAGA - CARAGA,61657,55039,61613,63361,65321,64605,68045,58072,51799,45806,40558,1401,2491,1646,7353,0,12816,39,42,902,1492,1364,6032,0,11164,25,39
134,Public,SY 2017-2018,2017,2018,BARMM - Bangsamoro Autonomous Region in Muslim Mindanao,87049,94048,91459,84700,80751,75289,68964,40759,36189,30539,27676,875,1018,720,5899,0,5100,44,53,796,887,702,5129,0,5119,20,38
135,Public,SY 2017-2018,2017,2018,CAR - Cordillera Administrative Region,30789,27126,30570,32365,33979,34773,36525,27856,25432,23035,21164,912,1761,905,2668,0,4694,43,61,632,1236,1064,2303,0,4028,32,84
136,Public,SY 2017-2018,2017,2018,NCR - National Capital Region,173266,157898,172219,185896,195702,195527,199280,187456,174025,164020,153286,6318,3954,4888,6266,0,16626,145,321,5663,2219,4809,5230,0,12950,160,246
137,Public,SY 2018-2019,2018,2019,Region I - Ilocos Region,99218,96620,77846,89154,94915,101994,103464,96020,90253,83292,76700,4585,9372,5283,14705,0,25797,0,196,4469,6275,4147,15358,0,21648,17,180
138,Public,SY 2018-2019,2018,2019,Region II - Cagayan Valley,75808,73176,58626,66445,71350,73336,71815,66037,58675,52014,47982,3160,6927,3818,9958,0,13623,135,163,2904,3921,3152,9648,0,11780,109,112
139,Public,SY 2018-2019,2018,2019,Region III - Central Luzon,229032,220365,176934,197213,208155,223235,221189,200973,184352,167852,153563,9866,12509,6801,19106,82,37116,197,114,8081,8210,5822,17189,48,32819,168,108
140,Public,SY 2018-2019,2018,2019,Region IV-A - CALABARZON,284579,280105,223941,240580,265875,276016,274267,265377,236711,211592,192466,12494,18402,6728,11746,53,39384,197,400,10814,13396,5064,12899,43,33327,197,256
141,Public,SY 2018-2019,2018,2019,Region IV-B - MIMAROPA,74883,75817,62711,69477,70496,72982,71687,70492,64034,55439,49940,2252,4994,2585,11590,0,13904,136,200,1745,2682,1857,11187,0,10969,112,177
142,Public,SY 2018-2019,2018,2019,Region V - Bicol Region,142250,149116,121203,133046,132589,141094,146670,154898,137243,118582,104248,4483,4935,3656,31660,41,34166,126,463,3616,3111,2805,26522,0,29116,126,411
143,Public,SY 2018-2019,2018,2019,Region VI - Western Visayas,148546,160325,129822,148267,154211,164506,169888,176860,149902,129041,118254,6450,18144,4982,14637,0,42739,145,228,5121,11911,3520,17961,0,34267,76,130
144,Public,SY 2018-2019,2018,2019,Region VII - Central Visayas,157454,162818,125362,147069,157790,161384,162281,170006,142368,124342,111950,4139,9009,3408,22023,31,34490,149,210,3296,6101,2976,19269,32,29636,147,197
145,Public,SY 2018-2019,2018,2019,Region VIII - Eastern Visayas,105438,106062,87788,94401,96068,105239,105674,106839,98280,85837,74945,3304,11112,2490,16711,0,25914,133,38,2822,8759,2114,13986,0,20641,38,67
146,Public,SY 2018-2019,2018,2019,Region IX - Zamboanga Peninsula,87087,89910,75151,77388,82130,88480,88802,94360,76682,62637,52329,2074,6454,2029,4324,0,19761,72,113,1619,3267,1479,6840,0,12410,43,37
147,Public,SY 2018-2019,2018,2019,Region X - Northern Mindanao,113207,108865,94010,100438,104142,105240,106403,96861,83872,68191,58987,3462,7531,1954,9112,0,18799,165,127,2508,4223,1324,8370,0,14747,101,119
148,Public,SY 2018-2019,2018,2019,Region XI - Davao Region,108435,110576,85069,102117,107231,105185,110866,111786,95221,79505,66673,2013,5017,1725,9275,0,23114,13,110,1309,2917,1298,8159,0,17267,8,126
149,Public,SY 2018-2019,2018,2019,Region XII - Soccsksargen,108276,105352,86980,96404,102815,105245,102854,97747,85037,70042,60394,2990,13272,2844,4579,0,21634,139,232,2301,9299,2075,5097,0,16057,148,158
150,Public,SY 2018-2019,2018,2019,CARAGA - CARAGA,66344,64549,54548,60971,62485,64166,62912,60392,56425,48859,42521,1804,3838,2313,8496,0,14944,61,74,1465,2464,1741,7041,0,12421,30,43
151,Public,SY 2018-2019,2018,2019,BARMM - Bangsamoro Autonomous Region in Muslim Mindanao,96939,93723,88177,83362,77874,74854,70619,45172,38493,32834,27735,895,1503,993,7129,0,5352,22,99,793,969,739,5533,0,4289,41,65
152,Public,SY 2018-2019,2018,2019,CAR - Cordillera Administrative Region,33446,31834,27375,30482,32338,33654,34291,29931,26444,24129,21791,1014,3276,1320,2339,0,5143,52,44,878,1801,1041,2666,0,4480,39,56
153,Public,SY 2018-2019,2018,2019,NCR - National Capital Region,179733,186689,160860,171842,184419,194173,192621,196030,181557,165571,154682,7335,5874,6238,6746,0,19588,217,613,6561,4242,5029,6203,0,16559,148,480
154,Public,SY 2019-2020,2019,2020,Region I - Ilocos Region,75959,102181,95979,77993,89200,94792,101234,93602,93218,87246,79405,5115,12858,6699,12567,0,26641,0,243,4558,9046,5330,13825,0,23605,0,174
155,Public,SY 2019-2020,2019,2020,Region II - Cagayan Valley,57425,78666,72513,58552,66201,70953,72599,63395,62960,56109,49517,2887,10213,4740,8837,0,13497,241,169,3117,6984,3837,9204,0,12364,114,142
156,Public,SY 2019-2020,2019,2020,Region III - Central Luzon,183366,235219,217953,177582,197480,207927,220661,198107,194024,176747,159459,10340,18864,9292,17181,74,36582,121,169,9610,11918,6935,17676,82,33220,186,115
157,Public,SY 2019-2020,2019,2020,Region IV-A - CALABARZON,235657,296299,278407,226162,241976,266789,273862,252911,254883,228298,201198,13620,26869,8812,8866,78,37563,256,512,12239,18181,6976,10893,48,35182,189,411
158,Public,SY 2019-2020,2019,2020,Region IV-B - MIMAROPA,62580,79994,73661,62221,68531,69908,71409,64415,66434,60241,52001,2574,8326,3153,10663,0,14393,183,252,2341,4842,2551,10593,0,12221,124,184
159,Public,SY 2019-2020,2019,2020,Region V - Bicol Region,126309,150668,143769,120135,131351,131254,138936,132293,144755,128244,109527,4484,7039,4332,31896,37,34034,172,540,4534,5007,3657,29147,40,31126,121,497
160,Public,SY 2019-2020,2019,2020,Region VI - Western Visayas,121950,164161,157862,129636,147646,153231,162307,156002,167595,141845,120544,6713,24978,6297,13342,0,44631,166,231,6235,17640,5056,13198,0,37686,121,227
161,Public,SY 2019-2020,2019,2020,Region VII - Central Visayas,137735,165040,160390,125487,146239,156138,159056,147746,157449,132972,117199,4793,12902,4328,23318,15,36072,152,323,4155,9532,3605,20039,31,31416,131,197
162,Public,SY 2019-2020,2019,2020,Region VIII - Eastern Visayas,87663,109065,103654,87123,93671,95146,103324,98759,99889,91609,78906,3644,14038,3062,16930,0,26963,97,98,3224,10462,2490,15548,0,23634,114,37
163,Public,SY 2019-2020,2019,2020,Region IX - Zamboanga Peninsula,79555,92400,88074,74687,76894,81276,85913,82185,84702,69589,56488,2222,7873,2538,3213,0,22573,31,164,1975,6257,2012,3396,0,17774,48,107
164,Public,SY 2019-2020,2019,2020,Region X - Northern Mindanao,97570,116930,107336,93559,99385,102781,103311,90768,89854,77525,63520,3296,9666,2737,8088,0,19967,191,103,3203,7357,2062,7638,0,16803,144,139
165,Public,SY 2019-2020,2019,2020,Region XI - Davao Region,94638,112785,108493,85370,101273,106159,102581,102529,103482,87417,73008,2151,6637,1964,8875,0,22989,7,139,2069,4929,1678,8325,0,20502,16,164
166,Public,SY 2019-2020,2019,2020,Region XII - Soccsksargen,91535,110945,103847,86519,95336,101614,103016,92748,91563,78428,64707,2820,16382,3394,3120,0,20676,154,274,2861,12892,2889,3698,0,18576,133,243
167,Public,SY 2019-2020,2019,2020,CARAGA - CARAGA,54921,69238,63517,54223,60383,61774,63095,56228,57766,52708,45572,1882,4304,2817,9084,0,15293,60,164,1808,3653,2295,8000,0,13384,60,77
168,Public,SY 2019-2020,2019,2020,BARMM - Bangsamoro Autonomous Region in Muslim Mindanao,96298,97058,88502,81870,77053,72331,69574,47038,41993,35254,30475,878,2316,1044,8393,0,6893,28,52,904,1487,945,6386,0,4482,22,81
169,Public,SY 2019-2020,2019,2020,CAR - Cordillera Administrative Region,26306,34444,31604,27274,30456,32116,33333,27780,27876,24834,22677,1174,4161,1555,2531,38,4888,77,46,987,3157,1298,2086,0,4581,44,41
170,Public,SY 2019-2020,2019,2020,NCR - National Capital Region,161609,191673,184661,160721,170436,182789,191790,191052,183797,173232,156134,8076,9097,7371,6298,0,20354,273,587,7171,5997,6212,6065,0,17982,183,561
171,Public,SY 2020-2021,2020,2021,Region I - Ilocos Region,94116,81564,103588,97987,79719,90594,95320,92467,92384,92277,85439,5602,17645,8845,14239,0,26643,0,125,5069,12447,6688,12085,0,24496,0,227
172,Public,SY 2020-2021,2020,2021,Region II - Cagayan Valley,71127,62155,79107,73591,59442,66894,70933,66195,63345,62601,55463,3299,14676,6501,10248,0,12652,177,118,2964,10417,4878,8152,0,12563,234,156
173,Public,SY 2020-2021,2020,2021,Region III - Central Luzon,206499,194829,235855,221092,180349,200552,207228,195207,192244,187749,171167,13236,28916,13857,21920,116,35749,132,170,10131,17839,9560,16370,75,31954,103,107
174,Public,SY 2020-2021,2020,2021,Region IV-A - CALABARZON,257811,253351,297550,282112,228360,246049,264399,244844,243509,246328,220604,17855,38909,13784,8117,70,37241,203,325,13466,25836,9104,8144,66,33193,196,481
175,Public,SY 2020-2021,2020,2021,Region IV-B - MIMAROPA,71474,69440,77107,72522,61186,67427,68503,61043,61488,62184,57392,2929,11086,4478,12604,0,13000,125,186,2541,7559,3173,10313,0,13088,166,235
176,Public,SY 2020-2021,2020,2021,Region V - Bicol Region,123345,133048,140485,137404,115027,126431,126429,109620,117412,126886,112529,4692,8076,4900,37915,37,26852,127,453,4145,6504,4176,28024,35,27251,143,521
177,Public,SY 2020-2021,2020,2021,Region VI - Western Visayas,144282,139661,163219,158587,130619,148186,152495,151250,156061,163762,138227,7517,31585,8666,15514,0,45780,89,201,6700,24183,6573,12687,0,40679,153,228
178,Public,SY 2020-2021,2020,2021,Region VII - Central Visayas,150235,146880,161649,158383,124660,145008,153947,137491,136900,145879,125381,5751,17932,5799,27619,31,33673,182,258,4532,12707,4472,20873,15,32011,143,335
179,Public,SY 2020-2021,2020,2021,Region VIII - Eastern Visayas,99986,93679,107036,103326,86895,93558,94453,96281,95531,96008,87289,4410,18304,4382,19402,0,25293,126,50,3574,13502,3118,15977,0,24687,105,95
180,Public,SY 2020-2021,2020,2021,Region IX - Zamboanga Peninsula,77264,84268,88430,85402,72767,75487,78587,77452,78463,80318,66181,2564,12830,3533,5213,0,22390,61,78,2177,7823,2555,2927,0,20348,45,151
181,Public,SY 2020-2021,2020,2021,Region X - Northern Mindanao,100022,102570,113957,105669,91814,97498,100026,84774,85504,84411,73626,3891,14082,3983,10131,0,18406,91,50,3305,9479,2852,7395,0,17825,183,111
182,Public,SY 2020-2021,2020,2021,Region XI - Davao Region,95418,97569,108125,104702,82347,97975,101232,88835,94063,94088,80582,2709,9577,2941,13617,0,24649,7,70,1845,6256,1867,8055,0,20247,6,88
183,Public,SY 2020-2021,2020,2021,Region XII - Soccsksargen,95290,96596,110462,103302,86288,94870,99723,89355,88169,86416,74145,3657,24243,5057,2860,0,20380,104,264,2754,16007,3468,2534,0,18709,167,217
184,Public,SY 2020-2021,2020,2021,CARAGA - CARAGA,60342,59573,68036,63224,54055,60158,61074,55731,55327,55806,51100,2001,6755,3930,12256,0,14968,17,173,1882,4342,2845,8776,0,14252,54,158
185,Public,SY 2020-2021,2020,2021,BARMM - Bangsamoro Autonomous Region in Muslim Mindanao,88218,92456,88416,81183,75224,70345,66268,42776,40888,37749,32096,798,2702,1175,10017,0,6907,28,21,782,2165,885,7559,0,6155,22,52
186,Public,SY 2020-2021,2020,2021,CAR - Cordillera Administrative Region,31801,28883,35074,32086,27743,30921,32259,27104,26923,26454,24009,1273,6544,2025,2928,21,5650,69,46,1135,4251,1585,2432,37,4550,68,38
187,Public,SY 2020-2021,2020,2021,NCR - National Capital Region,160389,174573,190446,184955,160502,171628,180654,178693,176095,173562,161245,11312,12928,10480,7683,0,21699,274,507,7733,8454,7092,5568,0,17933,209,527
188,Private,SY 2010-2011,2010,2011,Region I - Ilocos Region,17978,9025,8676,8352,7999,7612,7194,19359,18198,17146,16161,0,0,0,0,0,0,0,0,0,0,0,0,0,0,0,0
189,Private,SY 2010-2011,2010,2011,Region II - Cagayan Valley,12196,4570,4293,4169,3927,3726,3535,12466,12055,10965,10556,0,0,0,0,0,0,0,0,0,0,0,0,0,0,0,0
190,Private,SY 2010-2011,2010,2011,Region III - Central Luzon,55542,30105,29791,28696,27877,27271,25901,50671,48494,44957,42443,0,0,0,0,0,0,0,0,0,0,0,0,0,0,0,0
191,Private,SY 2010-2011,2010,2011,Region IV-A - CALABARZON,77511,44090,43140,42327,41901,40598,39191,65426,62660,59506,56998,0,0,0,0,0,0,0,0,0,0,0,0,0,0,0,0
192,Private,SY 2010-2011,2010,2011,Region IV-B - MIMAROPA,7109,2715,2616,2542,2470,2361,2174,8534,8026,7360,7107,0,0,0,0,0,0,0,0,0,0,0,0,0,0,0,0
193,Private,SY 2010-2011,2010,2011,Region V - Bicol Region,16191,5703,5468,4921,4753,4475,4264,16478,14992,14474,13497,0,0,0,0,0,0,0,0,0,0,0,0,0,0,0,0
194,Private,SY 2010-2011,2010,2011,Region VI - Western Visayas,25839,9501,9010,8562,8601,7848,7932,20226,19343,18791,17196,0,0,0,0,0,0,0,0,0,0,0,0,0,0,0,0
195,Private,SY 2010-2011,2010,2011,Region VII - Central Visayas,35547,12169,11938,11610,11524,10758,10357,29372,28199,27636,26019,0,0,0,0,0,0,0,0,0,0,0,0,0,0,0,0
196,Private,SY 2010-2011,2010,2011,Region VIII - Eastern Visayas,10356,2912,2807,2707,2529,2563,2278,10136,9331,9080,7935,0,0,0,0,0,0,0,0,0,0,0,0,0,0,0,0
197,Private,SY 2010-2011,2010,2011,Region IX - Zamboanga Peninsula,8859,2582,2357,2227,2179,1950,1972,7619,6918,6909,6830,0,0,0,0,0,0,0,0,0,0,0,0,0,0,0,0
198,Private,SY 2010-2011,2010,2011,Region X - Northern Mindanao,17367,7153,6416,6250,5991,5775,5378,19002,18486,17437,16476,0,0,0,0,0,0,0,0,0,0,0,0,0,0,0,0
199,Private,SY 2010-2011,2010,2011,Region XI - Davao Region,20165,8835,8112,7754,7207,6876,6579,14257,13765,12814,12175,0,0,0,0,0,0,0,0,0,0,0,0,0,0,0,0
200,Private,SY 2010-2011,2010,2011,Region XII - Soccsksargen,15595,6413,5908,5494,4905,4687,4424,15455,14297,13545,12450,0,0,0,0,0,0,0,0,0,0,0,0,0,0,0,0
201,Private,SY 2010-2011,2010,2011,CARAGA - CARAGA,6709,1959,1756,1695,1553,1406,1347,6665,6273,5998,5890,0,0,0,0,0,0,0,0,0,0,0,0,0,0,0,0
202,Private,SY 2010-2011,2010,2011,BARMM - Bangsamoro Autonomous Region in Muslim Mindanao,4462,2798,2518,2066,1913,1803,1775,8590,7770,6452,5728,0,0,0,0,0,0,0,0,0,0,0,0,0,0,0,0
203,Private,SY 2010-2011,2010,2011,CAR - Cordillera Administrative Region,6307,4304,4072,3823,3823,3732,3525,9272,8452,7954,7861,0,0,0,0,0,0,0,0,0,0,0,0,0,0,0,0
204,Private,SY 2010-2011,2010,2011,NCR - National Capital Region,88326,50398,50097,49683,49697,48051,51669,58503,55844,53223,50007,0,0,0,0,0,0,0,0,0,0,0,0,0,0,0,0
205,Private,SY 2011-2012,2011,2012,Region I - Ilocos Region,17827,8769,8528,8153,7860,7595,7450,18530,18463,17358,16302,0,0,0,0,0,0,0,0,0,0,0,0,0,0,0,0
206,Private,SY 2011-2012,2011,2012,Region II - Cagayan Valley,11907,4817,4323,4136,4071,3820,3654,12193,11884,11492,10437,0,0,0,0,0,0,0,0,0,0,0,0,0,0,0,0
207,Private,SY 2011-2012,2011,2012,Region III - Central Luzon,53087,29664,29388,28890,27669,27222,27094,47846,48091,45666,43217,0,0,0,0,0,0,0,0,0,0,0,0,0,0,0,0
208,Private,SY 2011-2012,2011,2012,Region IV-A - CALABARZON,86100,49251,47084,45867,45124,44662,43668,67734,67813,65216,61901,0,0,0,0,0,0,0,0,0,0,0,0,0,0,0,0
209,Private,SY 2011-2012,2011,2012,Region IV-B - MIMAROPA,7041,3014,2618,2567,2486,2417,2282,8238,8178,7755,7066,0,0,0,0,0,0,0,0,0,0,0,0,0,0,0,0
210,Private,SY 2011-2012,2011,2012,Region V - Bicol Region,17240,5884,5354,5273,4719,4643,4374,16103,15840,14331,13851,0,0,0,0,0,0,0,0,0,0,0,0,0,0,0,0
211,Private,SY 2011-2012,2011,2012,Region VI - Western Visayas,31163,10076,9232,9189,8477,8731,8147,20227,19905,18937,18263,0,0,0,0,0,0,0,0,0,0,0,0,0,0,0,0
212,Private,SY 2011-2012,2011,2012,Region VII - Central Visayas,34406,13364,12121,11882,11540,11428,10834,29682,28942,27547,26921,0,0,0,0,0,0,0,0,0,0,0,0,0,0,0,0
213,Private,SY 2011-2012,2011,2012,Region VIII - Eastern Visayas,8619,3658,2813,2822,2682,2568,2533,10150,9659,8831,8680,0,0,0,0,0,0,0,0,0,0,0,0,0,0,0,0
214,Private,SY 2011-2012,2011,2012,Region IX - Zamboanga Peninsula,8972,2806,2565,2331,2214,2225,1958,8097,7780,7033,7102,0,0,0,0,0,0,0,0,0,0,0,0,0,0,0,0
215,Private,SY 2011-2012,2011,2012,Region X - Northern Mindanao,14587,7926,6914,6295,6003,5969,5643,17852,17445,16647,15818,0,0,0,0,0,0,0,0,0,0,0,0,0,0,0,0
216,Private,SY 2011-2012,2011,2012,Region XI - Davao Region,18282,9202,8169,7749,7330,6998,6677,14174,14508,13899,12977,0,0,0,0,0,0,0,0,0,0,0,0,0,0,0,0
217,Private,SY 2011-2012,2011,2012,Region XII - Soccsksargen,17196,6826,5885,5644,5167,4685,4495,14838,14648,13277,12651,0,0,0,0,0,0,0,0,0,0,0,0,0,0,0,0
218,Private,SY 2011-2012,2011,2012,CARAGA - CARAGA,6916,2279,1742,1695,1502,1494,1349,6945,6379,6045,5636,0,0,0,0,0,0,0,0,0,0,0,0,0,0,0,0
219,Private,SY 2011-2012,2011,2012,BARMM - Bangsamoro Autonomous Region in Muslim Mindanao,4683,2564,2589,2297,1978,1940,1831,8409,8594,8016,6236,0,0,0,0,0,0,0,0,0,0,0,0,0,0,0,0
220,Private,SY 2011-2012,2011,2012,CAR - Cordillera Administrative Region,7666,4993,4553,4335,4186,4128,3981,9702,8808,8133,7652,0,0,0,0,0,0,0,0,0,0,0,0,0,0,0,0
221,Private,SY 2011-2012,2011,2012,NCR - National Capital Region,86205,51760,50559,50174,49445,49529,56066,59996,59624,57508,54535,0,0,0,0,0,0,0,0,0,0,0,0,0,0,0,0
222,Private,SY 2012-2013,2012,2013,Region I - Ilocos Region,16571,8703,8358,8142,7694,7618,7440,18523,17902,17776,16682,0,0,0,0,0,0,0,0,0,0,0,0,0,0,0,0
223,Private,SY 2012-2013,2012,2013,Region II - Cagayan Valley,12093,4851,4471,4143,4021,3919,3873,12426,11499,11367,10879,0,0,0,0,0,0,0,0,0,0,0,0,0,0,0,0
224,Private,SY 2012-2013,2012,2013,Region III - Central Luzon,52786,31089,29556,28629,28088,27004,29268,48210,45749,46132,43933,0,0,0,0,0,0,0,0,0,0,0,0,0,0,0,0
225,Private,SY 2012-2013,2012,2013,Region IV-A - CALABARZON,85345,52263,49980,47535,46085,45167,48590,67901,66563,66523,64421,0,0,0,0,0,0,0,0,0,0,0,0,0,0,0,0
226,Private,SY 2012-2013,2012,2013,Region IV-B - MIMAROPA,7667,3095,2942,2562,2496,2434,2412,8511,7783,7732,7452,0,0,0,0,0,0,0,0,0,0,0,0,0,0,0,0
227,Private,SY 2012-2013,2012,2013,Region V - Bicol Region,16580,6218,5740,5262,5235,4680,4612,16442,15397,14957,13836,0,0,0,0,0,0,0,0,0,0,0,0,0,0,0,0
228,Private,SY 2012-2013,2012,2013,Region VI - Western Visayas,39247,11755,10422,9523,9364,8627,9741,19760,19569,19405,18646,0,0,0,0,0,0,0,0,0,0,0,0,0,0,0,0
229,Private,SY 2012-2013,2012,2013,Region VII - Central Visayas,31484,15279,13165,11871,11691,11333,12177,28702,27526,26683,25580,0,0,0,0,0,0,0,0,0,0,0,0,0,0,0,0
230,Private,SY 2012-2013,2012,2013,Region VIII - Eastern Visayas,8919,3520,3578,2848,2854,2710,2624,9945,9659,9187,8503,0,0,0,0,0,0,0,0,0,0,0,0,0,0,0,0
231,Private,SY 2012-2013,2012,2013,Region IX - Zamboanga Peninsula,10259,3045,2741,2516,2284,2209,2286,7872,7454,7270,6473,0,0,0,0,0,0,0,0,0,0,0,0,0,0,0,0
232,Private,SY 2012-2013,2012,2013,Region X - Northern Mindanao,14658,7821,7641,6695,6170,6024,6123,19177,18131,17922,16693,0,0,0,0,0,0,0,0,0,0,0,0,0,0,0,0
233,Private,SY 2012-2013,2012,2013,Region XI - Davao Region,20657,10476,8905,7884,7434,7214,7135,14918,14488,14766,14115,0,0,0,0,0,0,0,0,0,0,0,0,0,0,0,0
234,Private,SY 2012-2013,2012,2013,Region XII - Soccsksargen,18598,7107,6546,5838,5480,5088,4814,15522,14371,13803,12725,0,0,0,0,0,0,0,0,0,0,0,0,0,0,0,0
235,Private,SY 2012-2013,2012,2013,CARAGA - CARAGA,7480,2401,2324,1814,1725,1599,1698,7264,6402,6078,5666,0,0,0,0,0,0,0,0,0,0,0,0,0,0,0,0
236,Private,SY 2012-2013,2012,2013,BARMM - Bangsamoro Autonomous Region in Muslim Mindanao,6598,3979,3464,3579,3171,2783,2621,9738,8467,8464,7996,0,0,0,0,0,0,0,0,0,0,0,0,0,0,0,0
237,Private,SY 2012-2013,2012,2013,CAR - Cordillera Administrative Region,8465,4626,4803,4468,4178,4143,4125,9864,9137,8423,7873,0,0,0,0,0,0,0,0,0,0,0,0,0,0,0,0
238,Private,SY 2012-2013,2012,2013,NCR - National Capital Region,80066,53587,50068,48854,48189,47766,53667,56846,57181,57566,56655,0,0,0,0,0,0,0,0,0,0,0,0,0,0,0,0
239,Private,SY 2013-2014,2013,2014,Region I - Ilocos Region,15719,8371,8494,8031,7751,7413,7934,17715,17695,17384,16738,0,0,0,0,0,0,0,0,0,0,0,0,0,0,0,0
240,Private,SY 2013-2014,2013,2014,Region II - Cagayan Valley,12208,4771,4565,4222,4011,3898,4199,12098,11628,11126,10663,0,0,0,0,0,0,0,0,0,0,0,0,0,0,0,0
241,Private,SY 2013-2014,2013,2014,Region III - Central Luzon,52104,29804,29982,28646,27460,27259,28396,46338,46014,44736,43078,0,0,0,0,0,0,0,0,0,0,0,0,0,0,0,0
242,Private,SY 2013-2014,2013,2014,Region IV-A - CALABARZON,78706,50924,50466,47662,45455,44337,47414,62998,62953,60696,60042,0,0,0,0,0,0,0,0,0,0,0,0,0,0,0,0
243,Private,SY 2013-2014,2013,2014,Region IV-B - MIMAROPA,6231,2656,2585,2455,2196,2184,2178,7640,7789,7278,6884,0,0,0,0,0,0,0,0,0,0,0,0,0,0,0,0
244,Private,SY 2013-2014,2013,2014,Region V - Bicol Region,16310,6068,5613,5298,4822,4875,4726,17144,16109,14552,14059,0,0,0,0,0,0,0,0,0,0,0,0,0,0,0,0
245,Private,SY 2013-2014,2013,2014,Region VI - Western Visayas,39414,11383,11370,10070,9266,9185,8895,19759,19598,18422,18368,0,0,0,0,0,0,0,0,0,0,0,0,0,0,0,0
246,Private,SY 2013-2014,2013,2014,Region VII - Central Visayas,31872,13781,15024,12805,11568,11348,11588,26592,26863,25480,25015,0,0,0,0,0,0,0,0,0,0,0,0,0,0,0,0
247,Private,SY 2013-2014,2013,2014,Region VIII - Eastern Visayas,8404,3255,3438,3499,2797,2800,2720,9198,8999,8486,8424,0,0,0,0,0,0,0,0,0,0,0,0,0,0,0,0
248,Private,SY 2013-2014,2013,2014,Region IX - Zamboanga Peninsula,10108,2842,2919,2598,2388,2212,2332,6876,6884,6257,6254,0,0,0,0,0,0,0,0,0,0,0,0,0,0,0,0
249,Private,SY 2013-2014,2013,2014,Region X - Northern Mindanao,15929,7417,6643,6603,5759,5490,5763,17809,17554,16875,15652,0,0,0,0,0,0,0,0,0,0,0,0,0,0,0,0
250,Private,SY 2013-2014,2013,2014,Region XI - Davao Region,19039,10241,9834,8343,7431,7010,7477,14096,14214,13781,13754,0,0,0,0,0,0,0,0,0,0,0,0,0,0,0,0
251,Private,SY 2013-2014,2013,2014,Region XII - Soccsksargen,18469,7014,6630,6084,5394,5225,5069,16319,15368,13918,13415,0,0,0,0,0,0,0,0,0,0,0,0,0,0,0,0
252,Private,SY 2013-2014,2013,2014,CARAGA - CARAGA,7852,2296,2316,2236,1719,1691,1731,6733,6399,6040,5743,0,0,0,0,0,0,0,0,0,0,0,0,0,0,0,0
253,Private,SY 2013-2014,2013,2014,BARMM - Bangsamoro Autonomous Region in Muslim Mindanao,5911,3643,3436,3169,3124,2766,3257,7556,7192,6846,5910,0,0,0,0,0,0,0,0,0,0,0,0,0,0,0,0
254,Private,SY 2013-2014,2013,2014,CAR - Cordillera Administrative Region,7685,4404,4126,4233,3879,3681,3827,9203,8975,8320,8268,0,0,0,0,0,0,0,0,0,0,0,0,0,0,0,0
255,Private,SY 2013-2014,2013,2014,NCR - National Capital Region,73686,49350,47750,45296,43892,43625,46843,49107,50123,50596,58722,0,0,0,0,0,0,0,0,0,0,0,0,0,0,0,0
256,Private,SY 2014-2015,2014,2015,Region I - Ilocos Region,15586,8465,8228,8295,7814,7544,8125,17715,17695,17384,16738,0,0,0,0,0,0,0,0,0,0,0,0,0,0,0,0
257,Private,SY 2014-2015,2014,2015,Region II - Cagayan Valley,11659,4713,4583,4406,4062,3910,3995,12098,11628,11126,10663,0,0,0,0,0,0,0,0,0,0,0,0,0,0,0,0
258,Private,SY 2014-2015,2014,2015,Region III - Central Luzon,50431,29450,28979,29017,27471,26657,28825,46338,46014,44736,43078,0,0,0,0,0,0,0,0,0,0,0,0,0,0,0,0
259,Private,SY 2014-2015,2014,2015,Region IV-A - CALABARZON,73861,46506,45733,45573,43050,41483,42896,62998,62953,60696,60042,0,0,0,0,0,0,0,0,0,0,0,0,0,0,0,0
260,Private,SY 2014-2015,2014,2015,Region IV-B - MIMAROPA,5825,2382,2374,2290,2212,2072,2240,7640,7789,7278,6884,0,0,0,0,0,0,0,0,0,0,0,0,0,0,0,0
261,Private,SY 2014-2015,2014,2015,Region V - Bicol Region,15816,6460,6066,5899,5484,5033,5133,17144,16109,14552,14059,0,0,0,0,0,0,0,0,0,0,0,0,0,0,0,0
262,Private,SY 2014-2015,2014,2015,Region VI - Western Visayas,37462,10917,10941,11072,9784,9107,9352,19759,19598,18422,18368,0,0,0,0,0,0,0,0,0,0,0,0,0,0,0,0
263,Private,SY 2014-2015,2014,2015,Region VII - Central Visayas,26131,12809,12695,14039,12013,10951,11225,26592,26863,25480,25015,0,0,0,0,0,0,0,0,0,0,0,0,0,0,0,0
264,Private,SY 2014-2015,2014,2015,Region VIII - Eastern Visayas,7911,3185,2966,3181,3248,2605,2809,9198,8999,8486,8424,0,0,0,0,0,0,0,0,0,0,0,0,0,0,0,0
265,Private,SY 2014-2015,2014,2015,Region IX - Zamboanga Peninsula,8927,2718,2676,2721,2477,2270,2283,6876,6884,6257,6254,0,0,0,0,0,0,0,0,0,0,0,0,0,0,0,0
266,Private,SY 2014-2015,2014,2015,Region X - Northern Mindanao,16537,7061,7293,6618,6642,5975,5947,17809,17554,16875,15652,0,0,0,0,0,0,0,0,0,0,0,0,0,0,0,0
267,Private,SY 2014-2015,2014,2015,Region XI - Davao Region,17115,9637,9120,9199,7749,7028,7140,14096,14214,13781,13754,0,0,0,0,0,0,0,0,0,0,0,0,0,0,0,0
268,Private,SY 2014-2015,2014,2015,Region XII - Soccsksargen,18687,6821,6632,6279,5779,5195,5595,16319,15368,13918,13415,0,0,0,0,0,0,0,0,0,0,0,0,0,0,0,0
269,Private,SY 2014-2015,2014,2015,CARAGA - CARAGA,7827,2245,2167,2258,2120,1687,2029,6733,6399,6040,5743,0,0,0,0,0,0,0,0,0,0,0,0,0,0,0,0
270,Private,SY 2014-2015,2014,2015,BARMM - Bangsamoro Autonomous Region in Muslim Mindanao,4885,3319,3261,3197,2839,2857,3080,7556,7192,6846,5910,0,0,0,0,0,0,0,0,0,0,0,0,0,0,0,0
271,Private,SY 2014-2015,2014,2015,CAR - Cordillera Administrative Region,6574,4339,4152,4050,4080,3853,3798,9203,8975,8320,8268,0,0,0,0,0,0,0,0,0,0,0,0,0,0,0,0
272,Private,SY 2014-2015,2014,2015,NCR - National Capital Region,72377,47649,47009,45555,43208,42242,45423,49107,50123,50596,58722,0,0,0,0,0,0,0,0,0,0,0,0,0,0,0,0
273,Private,SY 2015-2016,2015,2016,Region I - Ilocos Region,14409,8287,8154,7786,7849,7518,8276,17613,16968,16749,16344,0,0,0,0,0,0,0,0,0,0,0,0,0,0,0,0
274,Private,SY 2015-2016,2015,2016,Region II - Cagayan Valley,10844,4607,4387,4317,4136,3912,4433,11679,11530,11073,10479,0,0,0,0,0,0,0,0,0,0,0,0,0,0,0,0
275,Private,SY 2015-2016,2015,2016,Region III - Central Luzon,47274,28038,27462,26984,26699,25399,27116,44102,42142,41708,40793,0,0,0,0,0,0,0,0,0,0,0,0,0,0,0,0
276,Private,SY 2015-2016,2015,2016,Region IV-A - CALABARZON,64486,42704,42487,42371,41639,39431,42196,60387,60872,60375,59602,0,0,0,0,0,0,0,0,0,0,0,0,0,0,0,0
277,Private,SY 2015-2016,2015,2016,Region IV-B - MIMAROPA,6423,2859,2767,2582,2601,2550,2744,8271,7783,7913,7406,0,0,0,0,0,0,0,0,0,0,0,0,0,0,0,0
278,Private,SY 2015-2016,2015,2016,Region V - Bicol Region,16046,5921,5804,5654,5462,5239,5153,16744,15603,14480,13232,0,0,0,0,0,0,0,0,0,0,0,0,0,0,0,0
279,Private,SY 2015-2016,2015,2016,Region VI - Western Visayas,43146,10716,10633,10670,10856,9715,9482,19997,18981,18552,17479,0,0,0,0,0,0,0,0,0,0,0,0,0,0,0,0
280,Private,SY 2015-2016,2015,2016,Region VII - Central Visayas,26118,12879,12607,12510,13811,13651,11615,26987,26125,27892,24789,0,0,0,0,0,0,0,0,0,0,0,0,0,0,0,0
281,Private,SY 2015-2016,2015,2016,Region VIII - Eastern Visayas,7166,3042,3070,2868,3080,3214,2768,9227,8469,8125,7645,0,0,0,0,0,0,0,0,0,0,0,0,0,0,0,0
282,Private,SY 2015-2016,2015,2016,Region IX - Zamboanga Peninsula,9908,2935,2661,2645,2714,2475,2753,7635,7266,7049,6344,0,0,0,0,0,0,0,0,0,0,0,0,0,0,0,0
283,Private,SY 2015-2016,2015,2016,Region X - Northern Mindanao,15264,6848,6517,6797,6199,6339,6648,17813,17150,16459,15964,0,0,0,0,0,0,0,0,0,0,0,0,0,0,0,0
284,Private,SY 2015-2016,2015,2016,Region XI - Davao Region,15781,9367,9026,9201,9098,7854,7994,14551,14498,13879,13446,0,0,0,0,0,0,0,0,0,0,0,0,0,0,0,0
285,Private,SY 2015-2016,2015,2016,Region XII - Soccsksargen,14990,6912,6530,6294,6092,5541,5631,15399,14984,14109,13056,0,0,0,0,0,0,0,0,0,0,0,0,0,0,0,0
286,Private,SY 2015-2016,2015,2016,CARAGA - CARAGA,6401,2346,2196,2110,2150,2091,1679,7096,6392,6019,5665,0,0,0,0,0,0,0,0,0,0,0,0,0,0,0,0
287,Private,SY 2015-2016,2015,2016,BARMM - Bangsamoro Autonomous Region in Muslim Mindanao,3616,2090,1986,2024,1946,1779,1991,5810,5431,5285,5147,0,0,0,0,0,0,0,0,0,0,0,0,0,0,0,0
288,Private,SY 2015-2016,2015,2016,CAR - Cordillera Administrative Region,5240,3935,4077,3953,3839,3939,3995,9341,8716,8419,7978,0,0,0,0,0,0,0,0,0,0,0,0,0,0,0,0
289,Private,SY 2015-2016,2015,2016,NCR - National Capital Region,74900,48829,48984,47341,46880,44131,45577,51184,51600,52466,63119,0,0,0,0,0,0,0,0,0,0,0,0,0,0,0,0
290,Private,SY 2016-2017,2016,2017,Region I - Ilocos Region,7239,7899,8110,8010,7601,7761,7516,17809,17091,16366,15964,4863,1985,5974,5405,178,5853,0,7,0,0,0,0,0,0,0,0
291,Private,SY 2016-2017,2016,2017,Region II - Cagayan Valley,6115,4665,4535,4296,4211,4138,3932,11797,11033,10891,10280,3195,1830,4376,4086,188,2264,11,25,0,0,0,0,0,0,0,0
292,Private,SY 2016-2017,2016,2017,Region III - Central Luzon,26760,27338,28316,27973,27314,27039,26251,45821,44471,42313,41583,19805,7645,20348,9510,175,25717,56,145,0,0,0,0,0,0,0,0
293,Private,SY 2016-2017,2016,2017,Region IV-A - CALABARZON,42836,46042,46779,46082,45365,44546,42774,65610,62454,62286,61566,30637,12360,33594,14368,70,37285,163,546,0,0,0,0,0,0,0,0
294,Private,SY 2016-2017,2016,2017,Region IV-B - MIMAROPA,3747,2843,2868,2817,2598,2603,2480,8207,7911,7401,7532,1465,803,1528,3562,133,3132,1,0,0,0,0,0,0,0,0,0
295,Private,SY 2016-2017,2016,2017,Region V - Bicol Region,8336,6266,6020,6028,5785,5546,5335,16431,15617,14384,13420,4183,1376,3310,4477,132,8467,50,106,0,0,0,0,0,0,0,0
296,Private,SY 2016-2017,2016,2017,Region VI - Western Visayas,17608,10697,10704,10538,10537,10733,9725,20335,19674,18435,18112,5785,2781,8177,5618,1002,9228,4,204,0,0,0,0,0,0,0,0
297,Private,SY 2016-2017,2016,2017,Region VII - Central Visayas,14007,13704,13501,13146,12997,14073,12111,27991,26185,24829,24537,7932,3306,11092,10141,918,14064,56,268,0,0,0,0,0,0,0,0
298,Private,SY 2016-2017,2016,2017,Region VIII - Eastern Visayas,4092,3156,3080,3089,2909,3053,3178,9335,9096,8249,7856,2099,1801,2364,2355,0,4484,0,0,0,0,0,0,0,0,0,0
299,Private,SY 2016-2017,2016,2017,Region IX - Zamboanga Peninsula,4123,2743,2828,2565,2509,2620,2338,7670,7155,6674,6383,2514,1712,3918,2759,44,6691,1,14,0,0,0,0,0,0,0,0
300,Private,SY 2016-2017,2016,2017,Region X - Northern Mindanao,9248,7145,6841,6718,6836,6457,6588,18301,17491,16019,15247,4994,2810,5339,4799,0,6333,5,70,0,0,0,0,0,0,0,0
301,Private,SY 2016-2017,2016,2017,Region XI - Davao Region,9352,9364,9422,8910,9097,9004,7759,15785,14800,14535,13898,5348,4104,6289,4541,36,12361,0,49,0,0,0,0,0,0,0,0
302,Private,SY 2016-2017,2016,2017,Region XII - Soccsksargen,8346,6648,6734,6314,6107,5910,5479,15213,14468,13576,12963,3958,3814,4815,2757,0,6609,26,15,0,0,0,0,0,0,0,0
303,Private,SY 2016-2017,2016,2017,CARAGA - CARAGA,3678,2475,2380,2208,2093,2143,2095,7428,6470,5934,5463,2231,1722,1983,2249,0,4640,2,32,0,0,0,0,0,0,0,0
304,Private,SY 2016-2017,2016,2017,BARMM - Bangsamoro Autonomous Region in Muslim Mindanao,2409,3704,3354,3284,3168,2980,2776,8352,7299,7100,6741,979,1084,973,2384,0,1617,0,0,0,0,0,0,0,0,0,0
305,Private,SY 2016-2017,2016,2017,CAR - Cordillera Administrative Region,3715,3861,3805,3974,3782,3734,3814,9622,8671,8060,7886,2018,2255,4349,1532,0,3021,20,72,0,0,0,0,0,0,0,0
306,Private,SY 2016-2017,2016,2017,NCR - National Capital Region,45386,45714,45582,45492,44028,42446,40497,49459,47836,47006,47464,40096,15333,37826,15416,80,41874,561,1513,0,0,0,0,0,0,0,0
307,Private,SY 2017-2018,2017,2018,Region I - Ilocos Region,8362,7134,7734,7980,7798,7493,7680,17785,17287,16483,15837,4561,2770,5812,4590,321,5285,0,16,4342,1862,5613,4667,197,5169,0,8
308,Private,SY 2017-2018,2017,2018,Region II - Cagayan Valley,6072,4445,4552,4355,4231,4139,4119,11673,11381,10557,10382,3050,2839,3668,3641,193,2257,9,36,2650,1740,3565,3321,165,1988,8,1
309,Private,SY 2017-2018,2017,2018,Region III - Central Luzon,28227,25543,27433,27972,27391,26771,26850,46419,44790,43565,41867,19256,11449,18320,12423,570,28119,19,187,17536,6860,18066,8425,180,22194,31,127
310,Private,SY 2017-2018,2017,2018,Region IV-A - CALABARZON,49181,43662,46611,47367,46558,45526,45674,69307,66035,62814,62440,30846,18782,31230,15339,211,37185,114,552,27936,11862,30493,12411,70,32202,130,530
311,Private,SY 2017-2018,2017,2018,Region IV-B - MIMAROPA,3960,2679,2804,2861,2759,2541,2583,8583,7879,7582,7167,1591,1351,1593,3341,346,3763,3,0,1287,652,1313,2851,129,2740,0,0
312,Private,SY 2017-2018,2017,2018,Region V - Bicol Region,8890,6015,6150,5874,5832,5743,5477,17541,15812,15010,14039,4123,1892,3624,5569,229,8402,37,55,3698,1274,3169,4038,134,7199,44,99
313,Private,SY 2017-2018,2017,2018,Region VI - Western Visayas,19085,9753,10487,10635,10283,10368,10602,21922,19778,19235,17817,6071,4043,9031,5171,2037,8203,12,249,5303,2524,7652,4697,1388,7544,4,188
314,Private,SY 2017-2018,2017,2018,Region VII - Central Visayas,16556,13245,13669,13290,12871,12816,13958,29349,27035,25751,24406,7681,5312,12967,9903,1711,13383,2,258,6713,3111,9894,8849,481,12248,3,179
315,Private,SY 2017-2018,2017,2018,Region VIII - Eastern Visayas,4730,2899,3064,3029,3015,2829,3055,10152,9152,8726,7892,2034,2092,2771,2286,0,4067,0,0,1975,1524,2249,2054,0,3922,0,0
316,Private,SY 2017-2018,2017,2018,Region IX - Zamboanga Peninsula,4788,2808,2782,2891,2639,2618,2776,8164,7326,6736,6470,1941,2536,3299,3235,13,6140,0,10,2041,1581,2836,2385,33,5293,0,21
317,Private,SY 2017-2018,2017,2018,Region X - Northern Mindanao,9893,6713,6841,6765,6590,6685,6412,19502,17163,16098,14716,4543,3609,4640,5064,450,6932,7,47,4428,2550,4329,4095,282,5152,0,66
318,Private,SY 2017-2018,2017,2018,Region XI - Davao Region,11394,7980,8984,9066,8598,8718,8836,16138,15510,14538,14017,5515,5663,5367,4860,132,11167,0,65,4321,3337,4523,3990,102,9575,0,47
319,Private,SY 2017-2018,2017,2018,Region XII - Soccsksargen,10101,5976,6470,6713,6233,6147,5927,15901,14338,13787,13039,3690,5441,4559,3116,0,6122,16,7,3525,3200,4403,2341,0,4805,19,14
320,Private,SY 2017-2018,2017,2018,CARAGA - CARAGA,4482,2247,2302,2346,2151,2038,2100,7824,7056,6196,5588,1933,2212,1486,2464,23,4103,3,18,2035,1469,1842,1700,0,3807,0,32
321,Private,SY 2017-2018,2017,2018,BARMM - Bangsamoro Autonomous Region in Muslim Mindanao,3606,3399,3048,2845,2703,2495,2324,7308,6656,5700,5514,449,1272,866,2240,0,1352,0,0,482,823,646,1818,0,1249,0,0
322,Private,SY 2017-2018,2017,2018,CAR - Cordillera Administrative Region,4537,3334,3652,3677,3809,3650,3671,9370,8875,8140,7767,2429,3450,4292,1189,0,2909,16,51,1898,2151,4091,1233,0,2611,15,64
323,Private,SY 2017-2018,2017,2018,NCR - National Capital Region,49954,44468,48089,47403,46727,45149,44316,51619,50788,49257,48579,40074,20340,35517,16477,301,40299,339,1510,31299,11664,29053,12596,68,35555,328,1050
324,Private,SY 2018-2019,2018,2019,Region I - Ilocos Region,11044,8688,7373,7618,7754,7658,7500,17806,17395,16857,16151,4121,4183,6640,3854,304,4967,0,7,4246,2640,5520,4196,202,4564,0,13
325,Private,SY 2018-2019,2018,2019,Region II - Cagayan Valley,7698,5052,4403,4516,4398,4241,4142,12251,11232,10919,10135,3071,3811,4850,2576,210,1582,14,19,2919,2926,4083,3216,174,1922,9,32
326,Private,SY 2018-2019,2018,2019,Region III - Central Luzon,34618,29996,26190,27443,27930,27487,26999,48815,45576,43882,42690,19810,16284,20188,11963,366,25266,113,261,18085,10909,17863,11362,458,24824,13,220
327,Private,SY 2018-2019,2018,2019,Region IV-A - CALABARZON,58594,51339,43701,45837,46662,46053,45384,72663,68580,64629,61726,31140,26106,33577,12487,345,36785,165,620,28552,18048,29388,12698,149,32486,137,533
328,Private,SY 2018-2019,2018,2019,Region IV-B - MIMAROPA,4882,3077,2641,2669,2662,2673,2521,8568,8227,7349,7016,1650,1853,1971,2384,519,3144,0,0,1488,1220,1752,3138,336,3323,0,0
329,Private,SY 2018-2019,2018,2019,Region V - Bicol Region,11191,7331,6190,6257,5951,5957,5812,18833,17258,15477,14460,3929,2796,4306,6020,306,7169,59,67,3835,1948,3639,5143,225,7473,28,79
330,Private,SY 2018-2019,2018,2019,Region VI - Western Visayas,21600,11488,9857,10389,10513,10232,10293,23522,21586,19285,18608,5956,5543,9379,3946,2686,7914,6,283,5862,3924,8418,3940,2347,7216,14,245
331,Private,SY 2018-2019,2018,2019,Region VII - Central Visayas,20170,15286,13295,13473,13386,13094,13166,33238,29783,27101,25989,8521,8469,14613,8021,1512,13069,0,338,7270,5260,12334,8443,771,12468,2,213
332,Private,SY 2018-2019,2018,2019,Region VIII - Eastern Visayas,5363,3538,2858,2979,3046,3028,2840,9891,9819,8690,8384,2172,3059,2919,2040,0,3852,0,0,1903,2038,2658,1992,0,3730,0,0
333,Private,SY 2018-2019,2018,2019,Region IX - Zamboanga Peninsula,6108,3214,2893,2809,2953,2725,2681,8867,8206,7472,6913,1891,4009,3449,2818,12,4757,0,2,1848,2378,3263,2816,0,5360,0,8
334,Private,SY 2018-2019,2018,2019,Region X - Northern Mindanao,11910,7921,6687,6768,6740,6597,6742,20108,18756,16242,15095,4726,5034,5626,4625,581,6413,1,52,4174,3470,4298,4285,484,6050,14,41
335,Private,SY 2018-2019,2018,2019,Region XI - Davao Region,13262,9715,8034,8841,8947,8471,8729,17791,15956,15436,14328,5312,7111,6826,3766,224,10450,0,69,5019,5568,6108,3881,125,9917,0,54
336,Private,SY 2018-2019,2018,2019,Region XII - Soccsksargen,11417,7095,6010,6300,6604,6172,6102,16825,15404,13703,13266,3098,7671,4559,2228,29,6326,43,9,3487,5133,4408,2709,0,5268,14,7
337,Private,SY 2018-2019,2018,2019,CARAGA - CARAGA,5426,2813,2359,2369,2332,2209,2099,7953,7523,6705,5890,1944,2962,1800,1877,148,3481,0,18,1791,2149,1449,2147,29,3442,0,20
338,Private,SY 2018-2019,2018,2019,BARMM - Bangsamoro Autonomous Region in Muslim Mindanao,7236,5324,4497,4151,3698,3601,3225,9770,7871,7111,6216,716,2350,1615,2862,0,1502,0,0,557,1485,1020,2313,0,1320,0,0
339,Private,SY 2018-2019,2018,2019,CAR - Cordillera Administrative Region,5488,3907,3303,3572,3637,3779,3567,9877,9051,8158,7602,1943,4613,4543,773,0,2596,37,48,2204,3160,4127,1013,0,2441,16,51
340,Private,SY 2018-2019,2018,2019,NCR - National Capital Region,60259,50891,46438,48024,47717,47197,46534,55405,52206,50857,50863,40773,28439,37590,14620,511,39061,500,1849,35507,17306,31396,14008,257,34898,224,1328
341,Private,SY 2019-2020,2019,2020,Region I - Ilocos Region,8469,9162,8464,7152,7321,7611,7671,16773,17403,16881,16435,3660,5290,7004,3470,209,4184,0,13,3857,3981,6360,3504,270,4344,0,8
342,Private,SY 2019-2020,2019,2020,Region II - Cagayan Valley,5718,5614,4971,4323,4427,4341,4246,11691,11786,10946,10574,2445,4548,5088,2177,106,1342,8,26,2766,3427,4720,2393,180,1334,8,20
343,Private,SY 2019-2020,2019,2020,Region III - Central Luzon,27474,31548,29166,25530,26852,27356,27547,47196,47252,44517,42897,18572,21230,22134,9544,278,21433,34,290,18119,14809,19303,10392,317,21678,109,258
344,Private,SY 2019-2020,2019,2020,Region IV-A - CALABARZON,47458,52861,50657,43209,45014,45803,46080,70294,71510,67017,63336,28307,34040,36630,9747,285,31911,162,555,28673,24010,32462,10812,321,31379,147,581
345,Private,SY 2019-2020,2019,2020,Region IV-B - MIMAROPA,4312,3454,3071,2630,2746,2761,2733,8022,8251,8027,7289,1517,2526,2070,2243,333,2408,0,0,1507,1734,1925,2186,454,2744,2,0
346,Private,SY 2019-2020,2019,2020,Region V - Bicol Region,9543,7726,7158,6038,6071,5920,5973,17604,18132,16673,14803,3489,4101,5151,6337,214,6770,44,89,3646,2667,4178,5494,298,6406,53,62
347,Private,SY 2019-2020,2019,2020,Region VI - Western Visayas,18895,11795,11352,9488,10121,10340,10224,22443,22999,21043,18833,5457,7214,10492,3950,1941,6951,3,174,5459,5134,8961,3578,2345,6840,3,263
348,Private,SY 2019-2020,2019,2020,Region VII - Central Visayas,17851,15900,14883,13008,13255,13209,12898,29116,31850,28597,26024,7814,10713,15365,7322,1196,11269,0,300,7806,8039,13933,7178,1100,11120,0,319
349,Private,SY 2019-2020,2019,2020,Region VIII - Eastern Visayas,4268,3769,3447,2786,2909,2995,3060,8713,9364,9259,8138,2153,3544,3082,1749,0,3210,0,0,2149,2832,2783,1868,0,3392,0,0
350,Private,SY 2019-2020,2019,2020,Region IX - Zamboanga Peninsula,5507,3524,3155,2873,2827,2928,2749,8199,8741,8039,7304,1602,4724,4300,2343,115,4400,0,4,1897,3551,3740,2498,15,4057,0,3
351,Private,SY 2019-2020,2019,2020,Region X - Northern Mindanao,10104,8369,7517,6450,6484,6600,6532,19280,19160,17846,15130,4047,5639,6015,4727,395,5645,0,47,4344,4640,5205,4054,502,5710,0,54
352,Private,SY 2019-2020,2019,2020,Region XI - Davao Region,11878,10607,9363,7701,8450,8605,8280,16636,17706,15702,14801,4993,9261,7661,3236,168,10540,0,55,4933,6500,6810,3094,203,9341,0,57
353,Private,SY 2019-2020,2019,2020,Region XII - Soccsksargen,10339,8481,7407,6174,6574,6793,6350,16549,16265,14897,13263,2974,9823,5516,1490,27,5149,54,4,2937,7009,4449,1620,26,5175,9,9
354,Private,SY 2019-2020,2019,2020,CARAGA - CARAGA,4759,3210,2690,2259,2247,2266,2182,7778,7586,7226,6435,1593,3496,2051,1734,147,3144,0,15,1731,2696,1748,1645,127,2979,0,16
355,Private,SY 2019-2020,2019,2020,BARMM - Bangsamoro Autonomous Region in Muslim Mindanao,8790,6180,5394,4840,4336,3853,3771,10117,9545,7787,7174,711,3257,1665,2690,0,1541,0,0,684,2287,1542,2665,0,1321,0,0
356,Private,SY 2019-2020,2019,2020,CAR - Cordillera Administrative Region,4417,4485,3704,3177,3432,3538,3678,9425,9015,8436,7823,1463,4834,4813,810,0,2187,36,34,1854,4179,4301,865,0,2260,22,45
357,Private,SY 2019-2020,2019,2020,NCR - National Capital Region,51029,51124,49845,44734,46305,45881,46201,53904,54293,51294,50244,35106,34185,38817,12234,401,34141,383,1668,34662,24229,33774,11728,435,32890,279,1453
358,Private,SY 2020-2021,2020,2021,Region I - Ilocos Region,4928,4576,5959,5772,4858,5378,6514,13614,15086,15691,15489,2729,4354,6418,2938,60,2401,0,0,3366,4833,6744,3006,182,3738,0,11
359,Private,SY 2020-2021,2020,2021,Region II - Cagayan Valley,4119,2913,3874,3590,3247,3473,3854,10324,10729,10874,10294,1855,3824,4579,1948,39,673,1,17,2341,4287,4916,1786,94,1095,6,22
360,Private,SY 2020-2021,2020,2021,Region III - Central Luzon,11770,12691,16945,16740,16007,17835,21239,34967,39483,39637,38867,14672,17704,21516,7594,144,13916,20,204,16799,19377,20587,7690,237,17615,28,269
361,Private,SY 2020-2021,2020,2021,Region IV-A - CALABARZON,21640,22367,29137,29477,26484,29004,34223,48530,57174,57746,55807,22468,28129,35219,6974,198,22442,86,463,24827,28497,33189,7875,264,26707,140,510
362,Private,SY 2020-2021,2020,2021,Region IV-B - MIMAROPA,2735,1929,2455,2220,1977,2194,2427,7244,7357,7538,7428,1591,3359,2310,1618,168,1515,1,0,1359,2320,2070,1867,292,1962,1,0
363,Private,SY 2020-2021,2020,2021,Region V - Bicol Region,4843,4237,4959,4941,4205,4417,4891,14215,15729,15944,14859,2810,3732,4651,6228,84,4547,9,62,3286,3809,4933,5775,194,5890,38,76
364,Private,SY 2020-2021,2020,2021,Region VI - Western Visayas,10570,6063,7505,7730,6666,7237,8546,17866,20277,20934,19379,3864,6572,9037,2836,790,4763,0,120,5018,6480,9606,3393,1712,5947,2,150
365,Private,SY 2020-2021,2020,2021,Region VII - Central Visayas,8982,8060,9512,9363,8465,8990,10371,20991,25275,27804,25427,5870,8893,14202,5573,480,6904,0,197,6966,9682,14264,6007,933,9473,0,247
366,Private,SY 2020-2021,2020,2021,Region VIII - Eastern Visayas,2832,1980,2458,2371,1932,2176,2517,7523,7899,8500,8559,1456,3259,3247,1527,0,2178,0,0,2010,3308,2944,1566,0,2872,0,0
367,Private,SY 2020-2021,2020,2021,Region IX - Zamboanga Peninsula,3378,2242,2547,2381,2229,2281,2621,6630,7283,7757,7237,1405,4570,4070,1709,0,3160,0,16,1430,4122,3968,1884,0,3407,0,5
368,Private,SY 2020-2021,2020,2021,Region X - Northern Mindanao,4937,4332,5104,4854,4389,4730,5499,15849,17314,17208,16076,3440,5713,5816,4445,72,4617,1,32,3818,5137,5614,3952,330,4894,1,45
369,Private,SY 2020-2021,2020,2021,Region XI - Davao Region,5427,5033,6179,5797,5076,5769,6694,11482,14018,14726,13502,3527,7207,6160,2661,62,5880,0,36,4303,8150,6155,2794,152,8187,0,82
370,Private,SY 2020-2021,2020,2021,Region XII - Soccsksargen,4996,3969,4837,4588,4036,4585,5429,12474,14103,14277,13276,2181,7475,4672,1354,16,3119,0,9,2762,8672,5143,1206,25,4168,39,4
371,Private,SY 2020-2021,2020,2021,CARAGA - CARAGA,2841,1642,2077,1873,1640,1760,1905,6708,6973,6918,6682,1063,3138,1890,1677,79,2615,0,3,1288,3124,1785,1333,132,2859,0,13
372,Private,SY 2020-2021,2020,2021,BARMM - Bangsamoro Autonomous Region in Muslim Mindanao,5782,5754,4777,4333,3958,3615,3407,9060,8702,8456,7193,704,3654,2099,3207,0,1426,0,0,550,2915,1588,2402,0,1347,0,0
373,Private,SY 2020-2021,2020,2021,CAR - Cordillera Administrative Region,2376,2427,3063,2654,2367,2609,2970,7722,8396,8344,8131,1218,4007,4324,730,0,1475,16,40,1377,4352,4533,702,0,1818,31,35
374,Private,SY 2020-2021,2020,2021,NCR - National Capital Region,23692,24756,30970,31612,29481,31965,35102,38128,43592,43054,42048,26336,27927,32696,8785,119,22033,235,1263,28379,27598,30288,10022,338,26969,403,1365
375,SUC-LUC,SY 2010-2011,2010,2011,Region I - Ilocos Region,464,321,309,292,266,266,247,637,603,553,574,0,0,0,0,0,0,0,0,0,0,0,0,0,0,0,0
376,SUC-LUC,SY 2010-2011,2010,2011,Region II - Cagayan Valley,0,0,0,0,0,0,0,613,521,379,400,0,0,0,0,0,0,0,0,0,0,0,0,0,0,0,0
377,SUC-LUC,SY 2010-2011,2010,2011,Region III - Central Luzon,0,0,0,0,0,0,0,2148,1976,1814,1649,0,0,0,0,0,0,0,0,0,0,0,0,0,0,0,0
378,SUC-LUC,SY 2010-2011,2010,2011,Region IV-A - CALABARZON,606,390,394,392,373,327,288,1059,961,1008,983,0,0,0,0,0,0,0,0,0,0,0,0,0,0,0,0
379,SUC-LUC,SY 2010-2011,2010,2011,Region IV-B - MIMAROPA,67,171,170,188,178,190,212,783,713,782,670,0,0,0,0,0,0,0,0,0,0,0,0,0,0,0,0
380,SUC-LUC,SY 2010-2011,2010,2011,Region V - Bicol Region,160,205,229,218,227,240,202,751,741,719,723,0,0,0,0,0,0,0,0,0,0,0,0,0,0,0,0
381,SUC-LUC,SY 2010-2011,2010,2011,Region VI - Western Visayas,108,246,253,238,249,231,202,795,1173,1117,1134,0,0,0,0,0,0,0,0,0,0,0,0,0,0,0,0
382,SUC-LUC,SY 2010-2011,2010,2011,Region VII - Central Visayas,512,57,45,83,43,43,35,518,496,476,462,0,0,0,0,0,0,0,0,0,0,0,0,0,0,0,0
383,SUC-LUC,SY 2010-2011,2010,2011,Region VIII - Eastern Visayas,33,88,81,81,84,80,80,802,769,775,690,0,0,0,0,0,0,0,0,0,0,0,0,0,0,0,0
384,SUC-LUC,SY 2010-2011,2010,2011,Region IX - Zamboanga Peninsula,56,145,151,157,148,172,164,944,844,764,675,0,0,0,0,0,0,0,0,0,0,0,0,0,0,0,0
385,SUC-LUC,SY 2010-2011,2010,2011,Region X - Northern Mindanao,57,67,78,68,75,69,76,794,772,889,839,0,0,0,0,0,0,0,0,0,0,0,0,0,0,0,0
386,SUC-LUC,SY 2010-2011,2010,2011,Region XI - Davao Region,0,0,0,0,0,0,0,302,262,259,275,0,0,0,0,0,0,0,0,0,0,0,0,0,0,0,0
387,SUC-LUC,SY 2010-2011,2010,2011,Region XII - Soccsksargen,89,88,69,63,59,57,54,480,498,438,373,0,0,0,0,0,0,0,0,0,0,0,0,0,0,0,0
388,SUC-LUC,SY 2010-2011,2010,2011,CARAGA - CARAGA,0,29,31,27,33,29,30,605,495,457,470,0,0,0,0,0,0,0,0,0,0,0,0,0,0,0,0
389,SUC-LUC,SY 2010-2011,2010,2011,BARMM - Bangsamoro Autonomous Region in Muslim Mindanao,478,262,207,165,155,130,124,457,649,534,545,0,0,0,0,0,0,0,0,0,0,0,0,0,0,0,0
390,SUC-LUC,SY 2010-2011,2010,2011,CAR - Cordillera Administrative Region,38,119,101,99,95,92,84,782,701,650,599,0,0,0,0,0,0,0,0,0,0,0,0,0,0,0,0
391,SUC-LUC,SY 2010-2011,2010,2011,NCR - National Capital Region,208,318,269,264,259,253,237,738,666,616,527,0,0,0,0,0,0,0,0,0,0,0,0,0,0,0,0
392,SUC-LUC,SY 2011-2012,2011,2012,Region I - Ilocos Region,465,347,347,350,322,291,296,668,630,620,578,0,0,0,0,0,0,0,0,0,0,0,0,0,0,0,0
393,SUC-LUC,SY 2011-2012,2011,2012,Region II - Cagayan Valley,0,0,0,0,0,0,0,606,517,375,392,0,0,0,0,0,0,0,0,0,0,0,0,0,0,0,0
394,SUC-LUC,SY 2011-2012,2011,2012,Region III - Central Luzon,0,0,0,0,0,0,0,2124,2001,1868,1709,0,0,0,0,0,0,0,0,0,0,0,0,0,0,0,0
395,SUC-LUC,SY 2011-2012,2011,2012,Region IV-A - CALABARZON,469,382,358,358,369,349,302,1193,1124,1008,1048,0,0,0,0,0,0,0,0,0,0,0,0,0,0,0,0
396,SUC-LUC,SY 2011-2012,2011,2012,Region IV-B - MIMAROPA,85,166,169,169,172,176,174,573,553,601,571,0,0,0,0,0,0,0,0,0,0,0,0,0,0,0,0
397,SUC-LUC,SY 2011-2012,2011,2012,Region V - Bicol Region,251,188,214,207,205,204,179,818,813,771,720,0,0,0,0,0,0,0,0,0,0,0,0,0,0,0,0
398,SUC-LUC,SY 2011-2012,2011,2012,Region VI - Western Visayas,89,341,361,366,403,406,359,1249,1134,1096,1244,0,0,0,0,0,0,0,0,0,0,0,0,0,0,0,0
399,SUC-LUC,SY 2011-2012,2011,2012,Region VII - Central Visayas,680,55,46,57,47,51,45,316,317,294,269,0,0,0,0,0,0,0,0,0,0,0,0,0,0,0,0
400,SUC-LUC,SY 2011-2012,2011,2012,Region VIII - Eastern Visayas,26,84,79,79,81,77,76,854,840,786,791,0,0,0,0,0,0,0,0,0,0,0,0,0,0,0,0
401,SUC-LUC,SY 2011-2012,2011,2012,Region IX - Zamboanga Peninsula,82,148,182,140,158,178,203,578,796,712,575,0,0,0,0,0,0,0,0,0,0,0,0,0,0,0,0
402,SUC-LUC,SY 2011-2012,2011,2012,Region X - Northern Mindanao,57,67,78,68,75,69,76,818,755,742,842,0,0,0,0,0,0,0,0,0,0,0,0,0,0,0,0
403,SUC-LUC,SY 2011-2012,2011,2012,Region XI - Davao Region,0,0,0,0,0,0,0,259,227,233,250,0,0,0,0,0,0,0,0,0,0,0,0,0,0,0,0
404,SUC-LUC,SY 2011-2012,2011,2012,Region XII - Soccsksargen,70,105,81,74,69,67,63,361,430,453,388,0,0,0,0,0,0,0,0,0,0,0,0,0,0,0,0
405,SUC-LUC,SY 2011-2012,2011,2012,CARAGA - CARAGA,0,0,0,19,16,22,20,441,541,496,452,0,0,0,0,0,0,0,0,0,0,0,0,0,0,0,0
406,SUC-LUC,SY 2011-2012,2011,2012,BARMM - Bangsamoro Autonomous Region in Muslim Mindanao,934,324,291,288,270,267,267,4012,3587,2321,2732,0,0,0,0,0,0,0,0,0,0,0,0,0,0,0,0
407,SUC-LUC,SY 2011-2012,2011,2012,CAR - Cordillera Administrative Region,382,92,94,96,94,98,88,1028,956,921,856,0,0,0,0,0,0,0,0,0,0,0,0,0,0,0,0
408,SUC-LUC,SY 2011-2012,2011,2012,NCR - National Capital Region,204,140,130,128,128,120,125,508,460,432,366,0,0,0,0,0,0,0,0,0,0,0,0,0,0,0,0
409,SUC-LUC,SY 2012-2013,2012,2013,Region I - Ilocos Region,441,283,325,317,310,290,271,589,567,524,521,0,0,0,0,0,0,0,0,0,0,0,0,0,0,0,0
410,SUC-LUC,SY 2012-2013,2012,2013,Region II - Cagayan Valley,0,0,0,0,0,0,0,606,517,375,392,0,0,0,0,0,0,0,0,0,0,0,0,0,0,0,0
411,SUC-LUC,SY 2012-2013,2012,2013,Region III - Central Luzon,0,0,0,0,0,0,0,1770,1841,1782,1736,0,0,0,0,0,0,0,0,0,0,0,0,0,0,0,0
412,SUC-LUC,SY 2012-2013,2012,2013,Region IV-A - CALABARZON,494,397,368,379,384,337,346,1198,1118,1066,1082,0,0,0,0,0,0,0,0,0,0,0,0,0,0,0,0
413,SUC-LUC,SY 2012-2013,2012,2013,Region IV-B - MIMAROPA,83,178,169,164,173,175,184,640,504,478,507,0,0,0,0,0,0,0,0,0,0,0,0,0,0,0,0
414,SUC-LUC,SY 2012-2013,2012,2013,Region V - Bicol Region,210,213,256,204,225,224,211,986,972,859,878,0,0,0,0,0,0,0,0,0,0,0,0,0,0,0,0
415,SUC-LUC,SY 2012-2013,2012,2013,Region VI - Western Visayas,152,357,392,404,403,450,406,1443,1390,1356,1313,0,0,0,0,0,0,0,0,0,0,0,0,0,0,0,0
416,SUC-LUC,SY 2012-2013,2012,2013,Region VII - Central Visayas,462,80,59,39,51,29,165,323,294,282,256,0,0,0,0,0,0,0,0,0,0,0,0,0,0,0,0
417,SUC-LUC,SY 2012-2013,2012,2013,Region VIII - Eastern Visayas,26,55,84,79,79,81,77,833,808,807,739,0,0,0,0,0,0,0,0,0,0,0,0,0,0,0,0
418,SUC-LUC,SY 2012-2013,2012,2013,Region IX - Zamboanga Peninsula,0,0,0,0,0,0,0,490,656,621,487,0,0,0,0,0,0,0,0,0,0,0,0,0,0,0,0
419,SUC-LUC,SY 2012-2013,2012,2013,Region X - Northern Mindanao,57,67,78,68,75,69,76,818,755,742,842,0,0,0,0,0,0,0,0,0,0,0,0,0,0,0,0
420,SUC-LUC,SY 2012-2013,2012,2013,Region XI - Davao Region,0,0,0,0,0,0,0,256,244,239,259,0,0,0,0,0,0,0,0,0,0,0,0,0,0,0,0
421,SUC-LUC,SY 2012-2013,2012,2013,Region XII - Soccsksargen,44,102,144,115,109,117,141,490,468,547,529,0,0,0,0,0,0,0,0,0,0,0,0,0,0,0,0
422,SUC-LUC,SY 2012-2013,2012,2013,CARAGA - CARAGA,0,0,0,0,0,0,0,679,623,615,515,0,0,0,0,0,0,0,0,0,0,0,0,0,0,0,0
423,SUC-LUC,SY 2012-2013,2012,2013,BARMM - Bangsamoro Autonomous Region in Muslim Mindanao,874,336,306,279,267,257,230,3903,3517,2637,2757,0,0,0,0,0,0,0,0,0,0,0,0,0,0,0,0
424,SUC-LUC,SY 2012-2013,2012,2013,CAR - Cordillera Administrative Region,38,92,94,96,94,98,88,1028,956,921,856,0,0,0,0,0,0,0,0,0,0,0,0,0,0,0,0
425,SUC-LUC,SY 2012-2013,2012,2013,NCR - National Capital Region,204,135,132,125,128,120,125,533,497,456,411,0,0,0,0,0,0,0,0,0,0,0,0,0,0,0,0
426,SUC-LUC,SY 2013-2014,2013,2014,Region I - Ilocos Region,442,308,282,322,314,309,290,631,563,560,567,0,0,0,0,0,0,0,0,0,0,0,0,0,0,0,0
427,SUC-LUC,SY 2013-2014,2013,2014,Region II - Cagayan Valley,43,0,0,0,0,0,0,321,511,470,374,0,0,0,0,0,0,0,0,0,0,0,0,0,0,0,0
428,SUC-LUC,SY 2013-2014,2013,2014,Region III - Central Luzon,0,0,0,0,0,0,0,1472,1440,1760,1677,0,0,0,0,0,0,0,0,0,0,0,0,0,0,0,0
429,SUC-LUC,SY 2013-2014,2013,2014,Region IV-A - CALABARZON,316,266,329,306,330,316,325,1029,899,1129,1081,0,0,0,0,0,0,0,0,0,0,0,0,0,0,0,0
430,SUC-LUC,SY 2013-2014,2013,2014,Region IV-B - MIMAROPA,76,105,143,136,137,139,139,407,513,472,496,0,0,0,0,0,0,0,0,0,0,0,0,0,0,0,0
431,SUC-LUC,SY 2013-2014,2013,2014,Region V - Bicol Region,70,150,153,200,136,153,148,598,601,669,678,0,0,0,0,0,0,0,0,0,0,0,0,0,0,0,0
432,SUC-LUC,SY 2013-2014,2013,2014,Region VI - Western Visayas,154,186,167,148,189,182,155,598,595,671,721,0,0,0,0,0,0,0,0,0,0,0,0,0,0,0,0
433,SUC-LUC,SY 2013-2014,2013,2014,Region VII - Central Visayas,391,77,116,51,46,43,34,625,329,294,349,0,0,0,0,0,0,0,0,0,0,0,0,0,0,0,0
434,SUC-LUC,SY 2013-2014,2013,2014,Region VIII - Eastern Visayas,34,71,74,73,103,86,85,734,725,673,677,0,0,0,0,0,0,0,0,0,0,0,0,0,0,0,0
435,SUC-LUC,SY 2013-2014,2013,2014,Region IX - Zamboanga Peninsula,0,0,0,0,0,0,28,466,600,498,521,0,0,0,0,0,0,0,0,0,0,0,0,0,0,0,0
436,SUC-LUC,SY 2013-2014,2013,2014,Region X - Northern Mindanao,0,63,65,72,80,72,73,594,651,645,597,0,0,0,0,0,0,0,0,0,0,0,0,0,0,0,0
437,SUC-LUC,SY 2013-2014,2013,2014,Region XI - Davao Region,0,0,0,0,0,0,0,0,0,58,68,0,0,0,0,0,0,0,0,0,0,0,0,0,0,0,0
438,SUC-LUC,SY 2013-2014,2013,2014,Region XII - Soccsksargen,25,85,159,85,80,114,78,574,562,536,506,0,0,0,0,0,0,0,0,0,0,0,0,0,0,0,0
439,SUC-LUC,SY 2013-2014,2013,2014,CARAGA - CARAGA,0,42,37,25,30,31,24,290,338,337,469,0,0,0,0,0,0,0,0,0,0,0,0,0,0,0,0
440,SUC-LUC,SY 2013-2014,2013,2014,BARMM - Bangsamoro Autonomous Region in Muslim Mindanao,73,298,318,306,272,265,226,2022,1892,1729,1700,0,0,0,0,0,0,0,0,0,0,0,0,0,0,0,0
441,SUC-LUC,SY 2013-2014,2013,2014,CAR - Cordillera Administrative Region,387,110,103,99,84,79,77,293,296,601,741,0,0,0,0,0,0,0,0,0,0,0,0,0,0,0,0
442,SUC-LUC,SY 2013-2014,2013,2014,NCR - National Capital Region,123,142,134,134,135,129,132,466,466,495,462,0,0,0,0,0,0,0,0,0,0,0,0,0,0,0,0
443,SUC-LUC,SY 2014-2015,2014,2015,Region I - Ilocos Region,393,331,301,281,324,313,306,558,619,546,545,0,0,0,0,0,0,0,0,0,0,0,0,0,0,0,0
444,SUC-LUC,SY 2014-2015,2014,2015,Region II - Cagayan Valley,0,0,0,0,0,0,0,153,298,428,401,0,0,0,0,0,0,0,0,0,0,0,0,0,0,0,0
445,SUC-LUC,SY 2014-2015,2014,2015,Region III - Central Luzon,0,0,0,0,31,0,0,1208,1357,1508,1412,0,0,0,0,0,0,0,0,0,0,0,0,0,0,0,0
446,SUC-LUC,SY 2014-2015,2014,2015,Region IV-A - CALABARZON,316,291,291,422,375,391,343,833,782,838,931,0,0,0,0,0,0,0,0,0,0,0,0,0,0,0,0
447,SUC-LUC,SY 2014-2015,2014,2015,Region IV-B - MIMAROPA,0,126,127,163,163,156,146,414,326,455,475,0,0,0,0,0,0,0,0,0,0,0,0,0,0,0,0
448,SUC-LUC,SY 2014-2015,2014,2015,Region V - Bicol Region,66,106,168,178,202,179,180,468,551,585,672,0,0,0,0,0,0,0,0,0,0,0,0,0,0,0,0
449,SUC-LUC,SY 2014-2015,2014,2015,Region VI - Western Visayas,56,78,86,120,110,136,146,523,510,529,571,0,0,0,0,0,0,0,0,0,0,0,0,0,0,0,0
450,SUC-LUC,SY 2014-2015,2014,2015,Region VII - Central Visayas,287,74,78,108,51,46,40,283,261,226,195,0,0,0,0,0,0,0,0,0,0,0,0,0,0,0,0
451,SUC-LUC,SY 2014-2015,2014,2015,Region VIII - Eastern Visayas,35,72,82,80,79,101,87,612,588,573,566,0,0,0,0,0,0,0,0,0,0,0,0,0,0,0,0
452,SUC-LUC,SY 2014-2015,2014,2015,Region IX - Zamboanga Peninsula,0,0,0,0,0,0,0,220,230,306,443,0,0,0,0,0,0,0,0,0,0,0,0,0,0,0,0
453,SUC-LUC,SY 2014-2015,2014,2015,Region X - Northern Mindanao,0,0,0,0,0,0,0,693,568,604,661,0,0,0,0,0,0,0,0,0,0,0,0,0,0,0,0
454,SUC-LUC,SY 2014-2015,2014,2015,Region XI - Davao Region,0,0,0,0,0,0,0,0,0,0,55,0,0,0,0,0,0,0,0,0,0,0,0,0,0,0,0
455,SUC-LUC,SY 2014-2015,2014,2015,Region XII - Soccsksargen,0,119,87,162,108,73,119,590,562,543,525,0,0,0,0,0,0,0,0,0,0,0,0,0,0,0,0
456,SUC-LUC,SY 2014-2015,2014,2015,CARAGA - CARAGA,27,39,44,34,27,31,28,224,226,208,256,0,0,0,0,0,0,0,0,0,0,0,0,0,0,0,0
457,SUC-LUC,SY 2014-2015,2014,2015,BARMM - Bangsamoro Autonomous Region in Muslim Mindanao,0,209,220,223,178,170,164,938,832,820,677,0,0,0,0,0,0,0,0,0,0,0,0,0,0,0,0
458,SUC-LUC,SY 2014-2015,2014,2015,CAR - Cordillera Administrative Region,0,200,104,92,88,83,0,422,318,286,499,0,0,0,0,0,0,0,0,0,0,0,0,0,0,0,0
459,SUC-LUC,SY 2014-2015,2014,2015,NCR - National Capital Region,95,142,134,134,135,129,132,488,461,441,493,0,0,0,0,0,0,0,0,0,0,0,0,0,0,0,0
460,SUC-LUC,SY 2015-2016,2015,2016,Region I - Ilocos Region,158,255,316,275,278,308,314,604,462,514,393,0,0,0,0,0,0,0,0,0,0,0,0,0,0,0,0
461,SUC-LUC,SY 2015-2016,2015,2016,Region II - Cagayan Valley,0,0,0,0,0,0,0,98,107,90,204,0,0,0,0,0,0,0,0,0,0,0,0,0,0,0,0
462,SUC-LUC,SY 2015-2016,2015,2016,Region III - Central Luzon,0,180,157,139,0,0,0,1094,777,701,977,0,0,0,0,0,0,0,0,0,0,0,0,0,0,0,0
463,SUC-LUC,SY 2015-2016,2015,2016,Region IV-A - CALABARZON,20,299,230,275,295,272,275,1756,883,835,832,0,0,0,0,0,0,0,0,0,0,0,0,0,0,0,0
464,SUC-LUC,SY 2015-2016,2015,2016,Region IV-B - MIMAROPA,0,108,111,113,184,132,84,376,350,255,362,0,0,0,0,0,0,0,0,0,0,0,0,0,0,0,0
465,SUC-LUC,SY 2015-2016,2015,2016,Region V - Bicol Region,0,97,140,153,166,197,179,383,434,476,509,0,0,0,0,0,0,0,0,0,0,0,0,0,0,0,0
466,SUC-LUC,SY 2015-2016,2015,2016,Region VI - Western Visayas,0,0,0,0,39,38,32,404,388,331,365,0,0,0,0,0,0,0,0,0,0,0,0,0,0,0,0
467,SUC-LUC,SY 2015-2016,2015,2016,Region VII - Central Visayas,0,71,77,73,104,52,45,203,207,212,221,0,0,0,0,0,0,0,0,0,0,0,0,0,0,0,0
468,SUC-LUC,SY 2015-2016,2015,2016,Region VIII - Eastern Visayas,0,43,45,46,45,38,44,525,496,526,480,0,0,0,0,0,0,0,0,0,0,0,0,0,0,0,0
469,SUC-LUC,SY 2015-2016,2015,2016,Region IX - Zamboanga Peninsula,0,69,95,90,113,105,94,600,593,594,674,0,0,0,0,0,0,0,0,0,0,0,0,0,0,0,0
470,SUC-LUC,SY 2015-2016,2015,2016,Region X - Northern Mindanao,0,0,0,0,0,0,0,331,329,296,364,0,0,0,0,0,0,0,0,0,0,0,0,0,0,0,0
471,SUC-LUC,SY 2015-2016,2015,2016,Region XI - Davao Region,0,0,0,0,0,0,0,0,0,0,0,0,0,0,0,0,0,0,0,0,0,0,0,0,0,0,0
472,SUC-LUC,SY 2015-2016,2015,2016,Region XII - Soccsksargen,0,61,61,47,102,59,31,528,570,538,531,0,0,0,0,0,0,0,0,0,0,0,0,0,0,0,0
473,SUC-LUC,SY 2015-2016,2015,2016,CARAGA - CARAGA,0,35,43,42,35,28,30,35,52,52,84,0,0,0,0,0,0,0,0,0,0,0,0,0,0,0,0
474,SUC-LUC,SY 2015-2016,2015,2016,BARMM - Bangsamoro Autonomous Region in Muslim Mindanao,0,537,450,438,380,245,221,4747,4701,3914,3424,0,0,0,0,0,0,0,0,0,0,0,0,0,0,0,0
475,SUC-LUC,SY 2015-2016,2015,2016,CAR - Cordillera Administrative Region,46,97,111,104,88,84,88,540,449,331,389,0,0,0,0,0,0,0,0,0,0,0,0,0,0,0,0
476,SUC-LUC,SY 2015-2016,2015,2016,NCR - National Capital Region,30,61,34,33,37,32,36,376,337,332,362,0,0,0,0,0,0,0,0,0,0,0,0,0,0,0,0
477,SUC-LUC,SY 2016-2017,2016,2017,Region I - Ilocos Region,244,238,291,288,282,296,263,661,601,521,576,365,356,892,142,0,899,0,32,0,0,0,0,0,0,0,0
478,SUC-LUC,SY 2016-2017,2016,2017,Region II - Cagayan Valley,0,0,0,0,0,0,0,53,52,91,130,102,70,225,80,0,383,6,15,0,0,0,0,0,0,0,0
479,SUC-LUC,SY 2016-2017,2016,2017,Region III - Central Luzon,0,0,0,0,0,0,0,1171,1002,926,937,942,786,2013,617,0,1629,0,0,0,0,0,0,0,0,0,0
480,SUC-LUC,SY 2016-2017,2016,2017,Region IV-A - CALABARZON,194,207,235,230,273,236,301,754,511,443,438,336,356,1016,69,0,442,0,0,0,0,0,0,0,0,0,0
481,SUC-LUC,SY 2016-2017,2016,2017,Region IV-B - MIMAROPA,55,115,147,124,133,136,163,491,416,401,347,691,376,896,88,0,983,0,0,0,0,0,0,0,0,0,0
482,SUC-LUC,SY 2016-2017,2016,2017,Region V - Bicol Region,0,24,59,100,138,147,157,506,538,718,759,291,232,523,123,0,233,0,0,0,0,0,0,0,0,0,0
483,SUC-LUC,SY 2016-2017,2016,2017,Region VI - Western Visayas,95,66,108,103,124,123,112,858,812,785,624,170,269,579,158,0,425,0,0,0,0,0,0,0,0,0,0
484,SUC-LUC,SY 2016-2017,2016,2017,Region VII - Central Visayas,203,52,54,71,67,72,96,245,237,238,241,232,305,328,134,0,1314,0,0,0,0,0,0,0,0,0,0
485,SUC-LUC,SY 2016-2017,2016,2017,Region VIII - Eastern Visayas,44,76,76,82,86,89,87,593,550,545,554,438,442,1018,568,0,586,0,0,0,0,0,0,0,0,0,0
486,SUC-LUC,SY 2016-2017,2016,2017,Region IX - Zamboanga Peninsula,53,66,78,82,106,91,111,476,437,465,501,102,422,607,413,0,861,51,0,0,0,0,0,0,0,0,0
487,SUC-LUC,SY 2016-2017,2016,2017,Region X - Northern Mindanao,51,62,84,82,75,70,75,1018,915,879,762,514,792,1627,573,0,949,11,0,0,0,0,0,0,0,0,0
488,SUC-LUC,SY 2016-2017,2016,2017,Region XI - Davao Region,0,0,0,0,0,0,0,1,0,0,0,107,158,117,0,0,78,0,0,0,0,0,0,0,0,0,0
489,SUC-LUC,SY 2016-2017,2016,2017,Region XII - Soccsksargen,28,17,22,21,38,32,54,481,362,419,404,216,264,690,195,0,442,49,0,0,0,0,0,0,0,0,0
490,SUC-LUC,SY 2016-2017,2016,2017,CARAGA - CARAGA,0,24,36,38,40,40,35,132,145,183,192,38,89,311,27,0,625,0,0,0,0,0,0,0,0,0,0
491,SUC-LUC,SY 2016-2017,2016,2017,BARMM - Bangsamoro Autonomous Region in Muslim Mindanao,33,255,263,291,299,303,280,4463,4152,3665,3266,203,584,774,244,0,452,0,0,0,0,0,0,0,0,0,0
492,SUC-LUC,SY 2016-2017,2016,2017,CAR - Cordillera Administrative Region,191,82,73,77,87,82,82,523,477,420,378,85,356,259,19,0,425,52,0,0,0,0,0,0,0,0,0
493,SUC-LUC,SY 2016-2017,2016,2017,NCR - National Capital Region,124,132,137,135,138,133,133,340,364,293,266,3632,2098,4015,906,0,3470,95,299,0,0,0,0,0,0,0,0
494,SUC-LUC,SY 2017-2018,2017,2018,Region I - Ilocos Region,244,238,291,288,282,296,263,579,653,605,503,588,783,1109,107,0,1276,0,10,349,339,896,141,0,749,0,31
495,SUC-LUC,SY 2017-2018,2017,2018,Region II - Cagayan Valley,0,0,0,0,0,0,0,0,52,52,98,75,57,167,33,0,149,9,0,94,60,209,77,0,229,4,15
496,SUC-LUC,SY 2017-2018,2017,2018,Region III - Central Luzon,0,0,0,0,0,0,0,986,1010,861,823,840,692,1366,445,0,1464,0,0,666,602,1741,466,0,1300,0,0
497,SUC-LUC,SY 2017-2018,2017,2018,Region IV-A - CALABARZON,194,207,235,230,273,236,301,999,923,1010,924,528,475,1061,206,0,632,0,0,261,325,1055,75,0,315,0,0
498,SUC-LUC,SY 2017-2018,2017,2018,Region IV-B - MIMAROPA,55,115,147,124,133,136,163,476,471,399,406,612,620,668,187,0,865,0,0,569,351,658,55,0,730,0,0
499,SUC-LUC,SY 2017-2018,2017,2018,Region V - Bicol Region,0,24,59,100,138,147,157,433,507,541,711,251,201,413,206,0,426,0,0,283,211,504,105,0,210,0,0
500,SUC-LUC,SY 2017-2018,2017,2018,Region VI - Western Visayas,95,66,108,103,124,123,112,710,740,664,700,306,394,914,184,0,1368,0,0,218,256,562,143,0,491,0,0
501,SUC-LUC,SY 2017-2018,2017,2018,Region VII - Central Visayas,203,52,54,71,67,72,96,285,236,226,316,126,258,184,122,46,1055,0,0,214,274,256,122,43,931,0,0
502,SUC-LUC,SY 2017-2018,2017,2018,Region VIII - Eastern Visayas,44,76,76,82,86,89,87,621,681,703,676,393,613,926,183,0,743,0,0,468,648,949,168,0,629,0,0
503,SUC-LUC,SY 2017-2018,2017,2018,Region IX - Zamboanga Peninsula,53,66,78,82,106,91,111,600,527,508,521,180,358,434,311,47,499,28,0,95,270,214,197,0,561,0,0
504,SUC-LUC,SY 2017-2018,2017,2018,Region X - Northern Mindanao,51,62,84,82,75,70,75,1312,1183,1053,1110,465,622,1520,297,0,1227,0,0,466,734,1496,315,0,1074,10,0
505,SUC-LUC,SY 2017-2018,2017,2018,Region XI - Davao Region,0,0,0,0,0,0,0,0,0,0,0,136,36,37,68,0,83,0,0,100,161,85,17,0,80,0,0
506,SUC-LUC,SY 2017-2018,2017,2018,Region XII - Soccsksargen,28,17,22,21,38,32,54,521,586,482,506,147,243,445,176,0,181,0,0,209,294,628,204,0,460,36,0
507,SUC-LUC,SY 2017-2018,2017,2018,CARAGA - CARAGA,0,24,36,38,40,40,35,133,128,144,191,0,45,238,0,0,277,0,0,38,80,293,26,0,543,0,0
508,SUC-LUC,SY 2017-2018,2017,2018,BARMM - Bangsamoro Autonomous Region in Muslim Mindanao,33,255,263,291,299,303,280,4460,3879,3561,3314,177,226,661,197,0,237,13,0,225,243,567,192,0,427,32,0
509,SUC-LUC,SY 2017-2018,2017,2018,CAR - Cordillera Administrative Region,191,82,73,77,87,82,82,396,361,343,305,83,420,278,65,0,595,0,0,68,254,187,0,0,368,47,0
510,SUC-LUC,SY 2017-2018,2017,2018,NCR - National Capital Region,124,132,137,135,138,133,133,462,447,465,416,3240,2158,3268,435,0,3111,72,254,2836,1974,2847,221,0,2016,66,85
511,SUC-LUC,SY 2018-2019,2018,2019,Region I - Ilocos Region,233,280,234,287,282,280,288,479,559,651,583,167,318,565,56,0,568,0,19,553,720,1088,108,0,1093,0,8
512,SUC-LUC,SY 2018-2019,2018,2019,Region II - Cagayan Valley,0,0,0,0,0,0,0,0,0,48,54,0,0,76,0,0,103,0,0,70,50,166,37,0,182,6,0
513,SUC-LUC,SY 2018-2019,2018,2019,Region III - Central Luzon,20,0,0,0,0,0,0,1347,1169,1070,964,598,547,947,300,0,946,8,0,815,648,1335,429,0,1200,0,0
514,SUC-LUC,SY 2018-2019,2018,2019,Region IV-A - CALABARZON,176,255,255,272,277,295,295,927,1126,1015,1035,597,723,1307,48,0,532,0,0,508,410,940,181,0,532,0,0
515,SUC-LUC,SY 2018-2019,2018,2019,Region IV-B - MIMAROPA,59,115,116,149,122,139,137,521,459,385,390,530,495,640,119,0,844,0,0,592,494,518,109,0,678,0,0
516,SUC-LUC,SY 2018-2019,2018,2019,Region V - Bicol Region,24,59,31,60,100,167,110,341,335,395,451,175,271,348,120,0,303,0,0,193,190,266,150,0,335,0,0
517,SUC-LUC,SY 2018-2019,2018,2019,Region VI - Western Visayas,102,88,107,117,108,127,125,638,682,713,666,205,266,461,51,0,577,0,0,308,383,901,184,0,1343,0,0
518,SUC-LUC,SY 2018-2019,2018,2019,Region VII - Central Visayas,259,44,31,40,66,66,63,178,282,229,285,131,211,368,70,49,391,0,0,112,230,259,108,41,1291,0,0
519,SUC-LUC,SY 2018-2019,2018,2019,Region VIII - Eastern Visayas,44,86,83,80,85,91,89,732,751,665,688,239,255,522,72,0,178,0,0,378,531,899,176,0,798,0,0
520,SUC-LUC,SY 2018-2019,2018,2019,Region IX - Zamboanga Peninsula,53,46,77,80,91,62,47,633,613,515,475,263,435,353,211,33,858,0,0,191,284,407,327,55,637,29,0
521,SUC-LUC,SY 2018-2019,2018,2019,Region X - Northern Mindanao,62,71,64,85,85,78,71,1259,1275,1173,1072,316,262,823,275,0,329,0,0,446,611,1589,417,0,1138,0,0
522,SUC-LUC,SY 2018-2019,2018,2019,Region XI - Davao Region,0,0,0,0,0,0,0,0,0,0,0,47,0,0,86,0,27,0,0,107,39,35,65,0,71,0,0
523,SUC-LUC,SY 2018-2019,2018,2019,Region XII - Soccsksargen,33,31,17,23,28,42,32,528,609,578,480,94,349,495,108,0,48,0,0,78,183,311,161,0,155,0,0
524,SUC-LUC,SY 2018-2019,2018,2019,CARAGA - CARAGA,30,38,29,33,37,35,37,75,125,122,156,0,0,182,0,0,95,0,0,0,42,224,0,0,251,0,0
525,SUC-LUC,SY 2018-2019,2018,2019,BARMM - Bangsamoro Autonomous Region in Muslim Mindanao,105,296,252,264,330,285,298,5957,5184,4624,4390,281,375,786,450,0,429,29,0,183,292,757,263,0,317,16,0
526,SUC-LUC,SY 2018-2019,2018,2019,CAR - Cordillera Administrative Region,184,55,78,71,78,87,82,382,475,485,463,97,473,343,59,0,601,0,0,77,392,264,44,0,537,0,0
527,SUC-LUC,SY 2018-2019,2018,2019,NCR - National Capital Region,133,123,131,134,130,135,130,431,454,413,470,2388,1720,2428,290,0,2508,70,226,3464,2144,3583,468,0,3094,86,330
528,SUC-LUC,SY 2019-2020,2019,2020,Region I - Ilocos Region,253,274,281,227,290,293,294,544,472,551,592,148,314,453,31,0,407,0,24,183,308,548,55,0,463,0,19
529,SUC-LUC,SY 2019-2020,2019,2020,Region II - Cagayan Valley,0,0,0,0,0,0,0,0,0,0,47,0,0,287,0,0,61,0,0,0,0,73,0,0,74,0,0
530,SUC-LUC,SY 2019-2020,2019,2020,Region III - Central Luzon,16,0,0,0,0,0,0,1349,1302,1050,1044,730,799,1048,319,0,882,0,0,528,452,786,243,0,853,10,0
531,SUC-LUC,SY 2019-2020,2019,2020,Region IV-A - CALABARZON,136,242,248,246,262,275,287,856,783,962,861,633,814,1606,47,0,429,0,0,569,697,1296,42,0,480,0,0
532,SUC-LUC,SY 2019-2020,2019,2020,Region IV-B - MIMAROPA,60,122,121,118,147,127,140,510,510,466,436,500,480,691,118,0,603,0,0,510,555,622,121,0,779,0,0
533,SUC-LUC,SY 2019-2020,2019,2020,Region V - Bicol Region,27,71,60,36,64,99,137,380,345,335,392,113,285,324,152,0,274,0,0,201,260,365,114,0,281,0,0
534,SUC-LUC,SY 2019-2020,2019,2020,Region VI - Western Visayas,107,61,62,106,95,115,126,543,592,615,692,140,116,213,0,0,68,0,0,169,230,415,48,0,539,0,0
535,SUC-LUC,SY 2019-2020,2019,2020,Region VII - Central Visayas,64,49,53,42,30,69,64,78,180,273,175,80,126,66,77,50,101,0,0,129,200,357,53,42,361,0,0
536,SUC-LUC,SY 2019-2020,2019,2020,Region VIII - Eastern Visayas,46,60,56,54,48,55,55,579,590,636,634,168,247,553,58,0,48,0,0,221,230,497,56,0,162,0,0
537,SUC-LUC,SY 2019-2020,2019,2020,Region IX - Zamboanga Peninsula,0,0,1,54,44,7,1,637,645,597,500,143,340,399,148,0,400,0,0,241,388,414,200,31,720,0,0
538,SUC-LUC,SY 2019-2020,2019,2020,Region X - Northern Mindanao,38,68,74,69,86,81,77,1239,1212,1148,1127,287,626,988,265,0,268,0,0,306,376,815,266,0,318,0,0
539,SUC-LUC,SY 2019-2020,2019,2020,Region XI - Davao Region,0,0,0,0,0,0,0,0,0,0,0,58,34,0,66,0,8,0,0,33,33,0,40,0,31,0,0
540,SUC-LUC,SY 2019-2020,2019,2020,Region XII - Soccsksargen,23,28,27,18,28,26,44,488,402,504,449,101,307,546,74,0,40,0,0,83,267,484,90,0,34,0,0
541,SUC-LUC,SY 2019-2020,2019,2020,CARAGA - CARAGA,19,40,37,30,35,38,38,72,79,126,128,0,0,206,0,0,66,0,0,0,0,174,0,0,82,0,0
542,SUC-LUC,SY 2019-2020,2019,2020,BARMM - Bangsamoro Autonomous Region in Muslim Mindanao,79,261,307,259,334,362,321,6289,5724,5083,4474,331,433,1328,739,0,426,30,0,275,365,807,495,0,423,29,0
543,SUC-LUC,SY 2019-2020,2019,2020,CAR - Cordillera Administrative Region,189,48,65,90,91,77,83,357,371,463,450,76,308,274,105,0,550,0,0,86,391,330,46,0,521,0,0
544,SUC-LUC,SY 2019-2020,2019,2020,NCR - National Capital Region,31,33,31,33,37,32,33,283,289,310,287,2276,1947,2825,175,0,1625,43,317,2288,1689,2432,282,0,2412,56,292
545,SUC-LUC,SY 2020-2021,2020,2021,Region I - Ilocos Region,215,230,271,268,215,272,291,530,582,457,544,87,257,431,0,0,229,0,0,148,312,462,31,0,389,0,22
546,SUC-LUC,SY 2020-2021,2020,2021,Region II - Cagayan Valley,0,0,0,0,0,0,0,0,0,0,0,0,0,306,0,0,18,0,0,0,0,285,0,0,51,0,0
547,SUC-LUC,SY 2020-2021,2020,2021,Region III - Central Luzon,4,0,0,0,0,0,0,711,821,699,642,617,609,881,237,0,410,0,0,704,766,1047,274,0,848,0,0
548,SUC-LUC,SY 2020-2021,2020,2021,Region IV-A - CALABARZON,93,166,207,234,231,260,279,705,722,772,947,686,655,1651,37,0,413,0,0,617,790,1595,47,0,399,0,0
549,SUC-LUC,SY 2020-2021,2020,2021,Region IV-B - MIMAROPA,53,124,120,128,116,135,124,434,457,474,433,262,147,445,77,0,136,0,0,486,429,591,117,0,289,0,0
550,SUC-LUC,SY 2020-2021,2020,2021,Region V - Bicol Region,0,52,70,60,34,64,99,290,335,296,291,110,203,220,91,0,171,0,0,107,222,320,128,0,259,0,0
551,SUC-LUC,SY 2020-2021,2020,2021,Region VI - Western Visayas,48,98,107,101,102,121,111,538,525,621,641,110,86,205,0,0,15,0,0,141,111,207,0,0,65,0,0
552,SUC-LUC,SY 2020-2021,2020,2021,Region VII - Central Visayas,0,0,0,2,0,0,0,117,107,131,184,73,95,101,72,40,79,0,0,73,109,72,64,47,98,0,0
553,SUC-LUC,SY 2020-2021,2020,2021,Region VIII - Eastern Visayas,40,90,86,94,92,88,91,693,691,719,758,170,292,576,70,0,66,0,0,165,229,556,55,0,49,0,0
554,SUC-LUC,SY 2020-2021,2020,2021,Region IX - Zamboanga Peninsula,0,0,0,0,0,0,0,550,610,544,588,35,281,173,0,0,165,0,0,137,421,391,35,0,325,0,0
555,SUC-LUC,SY 2020-2021,2020,2021,Region X - Northern Mindanao,40,46,72,78,73,86,85,1249,1254,1225,1188,299,711,1201,205,0,252,0,0,278,587,985,196,0,250,0,0
556,SUC-LUC,SY 2020-2021,2020,2021,Region XI - Davao Region,0,0,0,0,0,0,0,0,0,0,0,0,0,0,0,0,0,0,0,54,27,0,59,0,6,0,0
557,SUC-LUC,SY 2020-2021,2020,2021,Region XII - Soccsksargen,9,24,31,29,20,31,26,557,514,511,603,58,149,600,0,0,33,0,0,93,262,546,60,0,42,0,0
558,SUC-LUC,SY 2020-2021,2020,2021,CARAGA - CARAGA,19,34,39,39,27,34,34,104,89,83,127,0,0,217,0,0,47,0,0,0,0,203,0,0,52,0,0
559,SUC-LUC,SY 2020-2021,2020,2021,BARMM - Bangsamoro Autonomous Region in Muslim Mindanao,100,306,292,341,337,355,366,5565,5879,5319,4665,237,376,1126,1205,0,453,22,0,345,509,1293,690,0,470,28,0
560,SUC-LUC,SY 2020-2021,2020,2021,CAR - Cordillera Administrative Region,132,55,60,75,95,101,79,332,351,357,460,57,269,315,46,0,278,0,0,71,289,265,105,0,516,0,0
561,SUC-LUC,SY 2020-2021,2020,2021,NCR - National Capital Region,29,138,107,62,65,65,35,291,288,307,302,1362,1344,1870,46,0,901,31,152,2212,1837,2839,159,0,1597,41,216
